owner,name,createdAt,pushedAt,isMirror,diskUsage,primaryLanguage,languages,contributors,watchers,stargazers,forks,issues,commits,pullRequests,branches,tags,releases,description
freeCodeCamp,freeCodeCamp,2014-12-24 17:49:19,2024-06-30 11:33:49,False,447405,TypeScript,8,5055,8513,392230,36070,18045,35794,36612,4,0,0,freeCodeCamp.org's open-source codebase and curriculum. Learn to code for free.
facebook,react,2013-05-24 16:15:54,2024-06-30 13:56:34,False,518264,JavaScript,12,1743,6629,224747,45839,13026,18980,15440,198,143,101,The library for web and native user interfaces.
tensorflow,tensorflow,2015-11-07 01:19:20,2024-06-30 13:18:33,False,1035775,C++,25,3726,7625,183820,74031,39429,166349,30605,1288,210,206,An Open Source Machine Learning Framework for Everyone
twbs,bootstrap,2011-07-29 21:19:00,2024-06-25 17:28:00,False,261489,JavaScript,5,1387,6747,167976,78522,22412,22817,15206,105,89,89,"The most popular HTML, CSS, and JavaScript framework for developing responsive, mobile first projects on the web."
flutter,flutter,2015-03-06 22:54:58,2024-06-30 13:30:55,False,139026,Dart,17,1483,3529,163038,26813,96069,41403,54003,760,961,7,Flutter makes it easy and fast to build beautiful apps for mobile and beyond
microsoft,vscode,2015-09-03 20:23:38,2024-06-30 14:21:56,False,925323,TypeScript,45,2056,3286,160136,28041,178754,122689,30655,976,289,134,Visual Studio Code
ytdl-org,youtube-dl,2010-10-31 14:35:07,2024-06-24 20:20:25,False,64979,Python,5,801,2199,129659,9771,26527,18845,4922,9,1119,341,Command-line program to download videos from YouTube.com and other video sites
huggingface,transformers,2018-10-29 13:56:00,2024-06-30 10:56:46,False,229162,Python,9,2657,1098,128341,25459,15100,16247,16200,497,165,155,"🤗 Transformers: State-of-the-art Machine Learning for Pytorch, TensorFlow, and JAX."
vercel,next.js,2016-10-05 23:32:51,2024-06-30 07:04:52,False,1988539,JavaScript,10,3363,1456,122606,26241,20645,21388,22341,594,2715,1000,The React Framework
golang,go,2014-08-19 04:33:40,2024-06-29 12:06:08,False,355948,Go,12,2136,3433,120993,17359,62338,60367,4013,59,420,0,The Go programming language
facebook,react-native,2015-01-09 18:10:16,2024-06-30 10:27:23,False,886857,C++,14,2744,3612,116875,24049,25802,32165,17598,114,533,323,A framework for building native applications using React
electron,electron,2013-04-12 01:47:36,2024-06-29 18:09:15,False,153817,C++,11,1266,2853,112664,15102,19788,28306,22138,193,2804,1000,":electron: Build cross-platform desktop apps with JavaScript, HTML, and CSS"
kubernetes,kubernetes,2014-06-06 22:56:04,2024-06-30 14:45:49,False,1280529,Go,10,3845,3235,108167,38832,45323,123607,80055,54,1101,678,Production-Grade Container Scheduling and Management
nodejs,node,2014-11-26 19:57:11,2024-06-30 11:06:31,False,1144406,JavaScript,13,3450,2931,105038,28449,17807,41639,33756,51,836,394,Node.js JavaScript runtime ✨🐢🚀✨
mrdoob,three.js,2010-03-23 18:58:01,2024-06-30 13:03:52,False,1366649,JavaScript,5,1895,2546,100227,35185,12368,43590,16194,10,158,158,JavaScript 3D Library.
microsoft,TypeScript,2014-06-17 15:28:39,2024-06-30 04:07:56,False,2644423,TypeScript,4,788,2135,98960,12284,40300,36070,17730,310,215,195,TypeScript is a superset of JavaScript that compiles to clean JavaScript output.
angular,angular,2014-09-18 16:12:01,2024-06-30 02:18:10,False,503445,TypeScript,8,1941,3016,95129,24919,27603,30445,27603,93,999,334,Deliver web apps with confidence 🚀
rust-lang,rust,2010-06-16 20:39:03,2024-06-30 14:41:45,False,1312363,Rust,23,4996,1485,94674,12194,53301,259138,73504,6,135,127,Empowering everyone to build reliable and efficient software.
denoland,deno,2018-05-15 01:34:26,2024-06-30 14:20:40,False,129980,Rust,7,929,1416,93357,5176,10185,11656,13078,101,334,282,A modern runtime for JavaScript and TypeScript.
mui,material-ui,2014-08-18 19:11:54,2024-06-30 14:26:13,False,557747,TypeScript,4,2926,1346,92367,31812,19054,24948,22549,49,477,470,"Material UI: Ready-to-use foundational React components, free forever. It includes Material UI, which implements Google's Material Design."
ant-design,ant-design,2015-04-24 15:37:24,2024-06-30 13:35:52,False,191754,TypeScript,5,2144,237,90893,47366,29567,28027,17511,19,709,656,An enterprise-class UI design language and React UI library
godotengine,godot,2014-01-04 16:05:36,2024-06-30 14:42:28,False,1363641,C++,15,2543,1517,86198,19172,50677,65235,42029,13,57,56,Godot Engine – Multi-platform 2D and 3D game engine
storybookjs,storybook,2016-03-18 04:23:44,2024-06-29 17:48:02,False,862840,TypeScript,12,1906,943,83342,9107,12519,60711,12436,523,1707,1000,"Storybook is a frontend workshop for building UI components and pages in isolation. Made for UI development, testing, and documentation. "
iptv-org,iptv,2018-11-14 22:00:57,2024-06-30 13:00:55,False,626507,JavaScript,2,298,1866,80809,2026,7985,30008,6928,7,0,0,Collection of publicly available IPTV channels from all over the world
pytorch,pytorch,2016-08-13 05:26:41,2024-06-30 14:45:53,False,946926,Python,24,3402,1729,79952,21505,42911,75004,86584,6677,1053,53,Tensors and Dynamic neural networks in Python with strong GPU acceleration
neovim,neovim,2014-01-31 13:39:22,2024-06-30 13:48:19,False,275980,Vim Script,17,1297,981,79572,5482,11422,30035,17684,9,45,37,Vim-fork focused on extensibility and usability
bitcoin,bitcoin,2010-12-19 15:16:43,2024-06-30 14:47:19,False,262278,C++,16,953,3992,77024,35582,8024,41437,20905,5,312,50,Bitcoin Core integration/staging tree
opencv,opencv,2012-07-19 09:40:17,2024-06-30 11:32:56,False,535710,C++,19,1597,2659,76728,55656,10604,34329,15065,6,125,63,Open Source Computer Vision Library
spring-projects,spring-boot,2012-10-19 15:02:57,2024-06-30 11:17:42,False,174304,Java,13,1100,3360,73538,40308,34504,49394,6287,20,316,277,Spring Boot
home-assistant,core,2013-09-17 07:29:48,2024-06-30 14:46:08,False,634124,Python,6,3762,1337,69674,28834,49862,79547,70220,232,1290,1000,:house_with_garden: Open source home automation that puts local control and privacy first.
netdata,netdata,2013-06-17 18:39:10,2024-06-30 00:18:45,False,202020,C,16,584,1362,69374,5792,7853,18125,9731,29,102,87,The open-source observability platform everyone needs!
elastic,elasticsearch,2010-02-08 13:20:56,2024-06-30 14:42:56,False,1206777,Java,20,3532,2685,68500,24330,35453,78237,74504,345,398,149,"Free and Open, Distributed, RESTful Search Engine"
moby,moby,2013-01-18 18:10:57,2024-06-30 12:31:56,False,214221,Go,9,2268,2901,68030,18572,22544,49467,25016,16,425,180,The Moby Project - a collaborative project for the container ecosystem to assemble container-based systems
swiftlang,swift,2015-10-23 21:15:07,2024-06-30 14:14:53,False,1160817,C++,20,1223,2494,66664,10277,15125,169544,55976,512,2591,53,The Swift Programming Language
redis,redis,2009-03-21 22:32:25,2024-06-30 14:36:32,False,139537,C,9,715,2542,65512,23568,6468,12170,6587,85,305,68,"Redis is an in-memory database that persists on disk. The data model is key-value, but many different kind of values are supported: Strings, Lists, Sets, Sorted Sets, Hashes, Streams, HyperLogLogs, Bitmaps."
nestjs,nest,2017-02-04 20:12:52,2024-06-30 13:49:45,False,312887,TypeScript,3,466,745,65501,7453,5303,16049,8088,167,287,96,"A progressive Node.js framework for building efficient, scalable, and enterprise-grade server-side applications with TypeScript/JavaScript 🚀"
protocolbuffers,protobuf,2014-08-26 15:52:15,2024-06-30 09:10:34,False,161755,C++,26,1054,2052,64440,15350,6162,17955,10914,175,299,159,Protocol Buffers - Google's data interchange format
webpack,webpack,2012-03-10 10:08:14,2024-06-30 10:17:56,False,64897,JavaScript,9,828,1481,64315,8733,9839,17010,6835,83,621,413,"A bundler for javascript and friends. Packs many modules into a few bundled assets. Code Splitting allows for loading parts of the application on demand. Through ""loaders"", modules can be CommonJs, AMD, ES6 modules, CSS, Images, JSON, Coffeescript, LESS, ... and your custom stuff."
microsoft,playwright,2019-11-15 18:32:42,2024-06-30 11:21:48,False,158690,TypeScript,17,10000,464,63628,3440,13608,12764,14375,29,126,126,"Playwright is a framework for Web Testing and Automation. It allows testing Chromium, Firefox and WebKit with a single API. "
ansible,ansible,2012-03-06 14:58:02,2024-06-28 19:28:10,False,253899,Python,9,5590,1918,61725,23748,32311,54469,50898,52,576,90,"Ansible is a radically simple IT automation platform that makes your applications and systems easier to deploy and maintain. Automate everything from code deployment to network configuration to cloud management, in a language that approaches plain English, using SSH, with no agents to install on remote systems. https://docs.ansible.com."
strapi,strapi,2015-09-30 15:34:48,2024-06-28 20:27:04,False,500450,TypeScript,6,969,668,61520,7698,9266,33903,10327,54,379,367,"🚀 Strapi is the leading open-source headless CMS. It’s 100% JavaScript/TypeScript, fully customizable and developer-first."
grafana,grafana,2013-12-11 15:59:56,2024-06-30 09:02:38,False,1101190,TypeScript,21,2852,1264,61379,11722,36156,52144,50922,4449,492,434,"The open and composable observability and data visualization platform. Visualize metrics, logs, and traces from multiple sources like Prometheus, Loki, Elasticsearch, InfluxDB, Postgres and many more. "
keras-team,keras,2015-03-28 00:35:42,2024-06-30 05:19:43,False,42562,Python,2,1246,1910,61247,19369,11967,10787,7281,29,97,69,Deep Learning for humans
python,cpython,2017-02-10 19:23:51,2024-06-30 14:06:27,False,614682,Python,23,2743,1515,60762,29331,68177,122772,52272,8,578,0,The Python programming language
apache,superset,2015-07-21 18:55:34,2024-06-30 14:29:53,False,894390,TypeScript,14,1134,1507,60339,13013,10409,15519,16308,204,496,202,Apache Superset is a Data Visualization and Data Exploration Platform
scikit-learn,scikit-learn,2010-08-17 09:43:38,2024-06-30 01:35:33,False,160435,Python,10,2876,2139,58753,25116,10969,31453,17406,30,142,41,scikit-learn: machine learning in Python
spring-projects,spring-framework,2010-12-08 04:04:45,2024-06-30 14:00:03,False,210451,Java,15,888,3343,55599,37744,25490,30521,4790,19,305,302,Spring Framework
rails,rails,2008-04-11 02:19:47,2024-06-30 07:55:26,False,279703,Ruby,8,4996,2340,55254,21409,17367,92077,34529,52,529,121,Ruby on Rails
gatsbyjs,gatsby,2015-05-21 22:43:05,2024-06-29 07:22:35,False,1143370,JavaScript,13,3986,741,55132,10329,14048,21665,22158,440,35995,134,"The best React-based framework with performance, scalability and security built in."
prometheus,prometheus,2012-11-24 11:14:12,2024-06-30 11:42:27,False,201546,Go,11,918,1126,53643,8894,5619,13127,8240,190,409,303,The Prometheus monitoring system and time series database.
ionic-team,ionic-framework,2013-08-20 23:06:02,2024-06-28 23:07:44,False,1298328,TypeScript,9,507,1598,50631,13514,21674,13904,7710,151,908,875,"A powerful cross-platform UI toolkit for building native-quality iOS, Android, and Progressive Web Apps with HTML, CSS, and JavaScript."
DefinitelyTyped,DefinitelyTyped,2012-10-05 16:39:45,2024-06-30 09:29:51,False,691391,TypeScript,3,9974,653,47631,29914,8024,87217,59087,9,1,1,The repository for high quality TypeScript type definitions.
mozilla,pdf.js,2011-04-26 06:32:03,2024-06-30 14:15:22,False,142428,JavaScript,5,389,1119,47075,9810,9711,19180,8386,1,83,62,PDF Reader in JavaScript
etcd-io,etcd,2013-07-06 21:57:21,2024-06-30 06:50:55,False,83493,Go,6,865,1326,46775,9638,6609,21560,11255,16,468,236,Distributed reliable key-value store for the most critical data of a distributed system
ethereum,go-ethereum,2013-12-26 13:05:46,2024-06-30 10:15:38,False,210502,Go,14,1072,2206,46642,19666,8014,15273,10479,45,239,196,Go implementation of the Ethereum protocol
cypress-io,cypress,2015-03-04 00:46:28,2024-06-30 01:00:19,False,702007,JavaScript,11,510,610,46397,3133,14195,20573,7576,2219,739,341,"Fast, easy and reliable testing for anything that runs in a browser."
mastodon,mastodon,2016-02-22 15:01:25,2024-06-30 04:26:02,False,240327,Ruby,11,926,706,46326,6785,10975,16523,17814,85,254,244,"Your self-hosted, globally interconnected microblogging community"
serverless,serverless,2015-04-21 03:48:40,2024-06-28 16:13:37,False,99502,JavaScript,5,1036,941,46305,5690,6246,16013,5535,32,406,387,"⚡ Serverless Framework – Use AWS Lambda and other managed cloud services to build apps that auto-scale, cost nothing when idle, and boast radically low maintenance."
TryGhost,Ghost,2013-05-04 11:09:13,2024-06-30 13:45:49,False,294079,JavaScript,9,612,1031,46179,10101,6861,38763,13515,163,1636,781,"Independent technology for modern publishing, memberships, subscriptions and newsletters."
minio,minio,2015-01-14 19:23:58,2024-06-29 16:45:34,False,131640,Go,6,469,619,45302,5295,7299,12067,10637,4,485,484,The Object Store for AI Data Infrastructure
JuliaLang,julia,2011-04-21 07:01:50,2024-06-30 03:41:02,False,305573,Julia,18,1499,929,44943,5420,24945,57170,29549,877,165,160,The Julia Programming Language
meteor,meteor,2012-01-19 01:58:17,2024-06-29 21:32:02,False,127531,JavaScript,16,729,1554,44135,5158,9040,34802,3912,1706,1546,0,"Meteor, the JavaScript App Platform"
laurent22,joplin,2017-01-16 21:49:41,2024-06-29 20:52:26,False,449723,TypeScript,18,607,480,44086,4767,6369,11540,4215,241,1201,340,"Joplin - the secure note taking and to-do app with synchronisation capabilities for Windows, macOS, Linux, Android and iOS."
PowerShell,PowerShell,2016-01-13 23:41:35,2024-06-25 04:07:43,False,93338,C#,9,463,1410,43971,7119,12228,10647,8531,10,181,168,PowerShell for every system!
babel,babel,2014-09-28 13:38:23,2024-06-29 07:08:35,False,113646,TypeScript,6,1095,813,43033,5596,8786,16430,7050,15,855,397,🐠 Babel is a compiler for writing next generation JavaScript.
go-gitea,gitea,2016-11-01 02:13:26,2024-06-30 12:40:43,False,285224,Go,13,1374,498,42971,5298,13224,18235,18071,17,211,193,"Git with a cup of tea! Painless self-hosted all-in-one software development service, including Git hosting, code review, team collaboration, package registry and CI/CD"
pandas-dev,pandas,2010-08-24 01:37:33,2024-06-30 09:19:05,False,356857,Python,10,3239,1113,42559,17560,26570,35191,32535,18,176,108,"Flexible and powerful data analysis / manipulation library for Python, providing labeled data structures similar to R data.frame objects, statistical functions, and much more"
hashicorp,terraform,2014-03-13 22:25:48,2024-06-29 07:36:45,False,311071,Go,6,2733,1173,41605,9404,20822,32976,14206,730,342,311,"Terraform enables you to safely and predictably create, change, and improve infrastructure. It is a source-available tool that codifies APIs into declarative configuration files that can be shared amongst team members, treated as code, edited, reviewed, and versioned."
grpc,grpc,2014-12-08 18:58:53,2024-06-30 07:49:56,False,521505,C++,24,906,1367,41133,10427,11319,55258,25514,246,352,305,"The C based gRPC (C++, Python, Ruby, Objective-C, PHP, C#)"
vuetifyjs,vuetify,2016-09-12 00:39:35,2024-06-30 02:58:31,False,88701,TypeScript,7,974,592,39304,6933,13908,15997,5245,127,569,556,🐉 Vue Component Framework
RocketChat,Rocket.Chat,2015-05-19 07:36:09,2024-06-30 08:55:20,False,893262,TypeScript,13,897,882,39269,10062,15830,25737,16089,906,939,915,The communications platform that puts data protection first.
fastlane,fastlane,2014-12-02 17:00:38,2024-06-30 09:09:59,False,81697,Ruby,9,1308,739,38819,5639,12912,16595,7433,97,1305,542,🚀 The easiest way to automate building and releasing your iOS and Android apps
dbeaver,dbeaver,2015-10-21 08:26:28,2024-06-30 06:49:49,False,181947,Java,8,316,507,38286,3311,16855,25855,5509,84,212,202,Free universal database tool and SQL client
prisma,prisma,2019-06-20 13:33:47,2024-06-30 12:43:27,False,118267,TypeScript,6,262,238,37977,1471,10252,10871,7574,239,191,191,"Next-generation ORM for Node.js & TypeScript | PostgreSQL, MySQL, MariaDB, SQL Server, SQLite, MongoDB and CockroachDB"
getsentry,sentry,2010-08-30 22:06:41,2024-06-29 06:46:46,False,489641,Python,12,773,686,37469,4023,12540,70962,59914,1689,445,132,Developer-first error tracking and performance monitoring
metabase,metabase,2015-02-02 19:25:47,2024-06-29 07:21:21,False,642504,Clojure,10,405,641,37227,4936,18953,31709,25921,1565,581,508,"The simplest, fastest way to get business intelligence and analytics to everyone in your company :yum:"
pingcap,tidb,2015-09-06 04:01:52,2024-06-30 14:40:26,False,480260,Go,12,906,1262,36491,5738,18385,23969,35825,238,457,193,"TiDB is an open-source, cloud-native, distributed, MySQL-Compatible database for elastic scale and real-time analytics. Try AI-powered Chat2Query free at : https://www.pingcap.com/tidb-serverless/"
odoo,odoo,2014-05-13 15:38:58,2024-06-30 14:33:30,False,8797579,Python,10,2799,1499,35971,23394,17487,171984,152000,93,0,0,Odoo. Open Source Apps To Grow Your Business.
vim,vim,2015-08-18 21:03:56,2024-06-30 09:54:50,False,139709,Vim Script,35,426,674,35507,5318,8050,19765,6974,1,17249,0,The official Vim repository
vlang,v,2019-02-08 02:57:06,2024-06-30 01:32:09,False,77632,V,18,747,488,35500,2146,8394,17879,11882,2,227,211,"Simple, fast, safe, compiled language for developing maintainable software. Compiles itself in <1s with zero library dependencies. Supports automatic C => V translation. https://vlang.io"
istio,istio,2016-11-18 23:57:21,2024-06-30 14:33:19,False,266649,Go,11,1069,989,35339,7627,19504,23230,31795,87,352,348,"Connect, secure, control, and observe services."
ClickHouse,ClickHouse,2016-06-02 08:28:18,2024-06-30 14:44:57,False,1314786,C++,23,1594,689,35322,6596,20155,145651,45095,8548,1733,557,ClickHouse® is a real-time analytics DBMS
apache,airflow,2015-04-13 18:04:58,2024-06-30 12:54:44,False,290315,Python,13,2960,760,35222,13765,9211,24930,26961,133,5256,85,"Apache Airflow - A platform to programmatically author, schedule, and monitor workflows"
NervJS,taro,2018-04-08 09:32:26,2024-06-29 15:35:58,False,1518099,TypeScript,11,564,691,35046,4742,10892,12044,4338,82,885,176,开放式跨端跨框架解决方案，支持使用 React/Vue/Nerv 等框架来开发微信/京东/百度/支付宝/字节跳动/ QQ 小程序/H5/React Native 等应用。  https://taro.zone/
dotnet,aspnetcore,2014-03-11 06:09:42,2024-06-30 12:18:49,False,425766,C#,22,3448,1449,34777,9823,33910,53636,18187,260,270,226,"ASP.NET Core is a cross-platform .NET framework for building modern cloud-based web applications on Windows, Mac, or Linux."
xitu,gold-miner,2015-11-04 03:29:13,2024-04-17 09:44:37,False,80499,,0,562,1271,33524,5017,5591,11473,3933,1,0,0,🥇掘金翻译计划，可能是世界最大最好的英译中技术社区，最懂读者和译者的翻译平台：
rapid7,metasploit-framework,2011-08-30 06:13:20,2024-06-29 05:30:12,False,1010690,Ruby,24,2175,2043,33222,13788,5986,74280,12886,16,900,0,Metasploit Framework
jgm,pandoc,2010-03-20 20:34:23,2024-06-30 10:18:49,False,64986,Haskell,15,508,514,33133,3297,7488,17538,2024,71,226,136,Universal markup converter
netty,netty,2010-11-09 09:22:21,2024-06-28 03:13:13,False,90030,Java,9,668,1746,33039,15803,6393,11498,7546,19,282,0,Netty project - an event-driven asynchronous network application framework
ziglang,zig,2015-08-06 00:51:28,2024-06-30 11:06:17,False,277564,Zig,11,885,357,31934,2333,10794,29604,9581,26,19,18,"General-purpose programming language and toolchain for maintaining robust, optimal, and reusable software."
ray-project,ray,2016-10-25 19:38:30,2024-06-30 13:41:20,False,405899,Python,15,983,474,31899,5435,17900,22019,28148,786,95,87,Ray is a unified framework for scaling AI and Python applications. Ray consists of a core distributed runtime and a set of AI Libraries for accelerating ML workloads.
ccxt,ccxt,2017-05-14 15:41:56,2024-06-30 13:39:14,False,3212968,Python,13,670,929,31864,7361,9966,83336,12848,20,826,33,A JavaScript / TypeScript / Python / C# / PHP cryptocurrency trading API with support for more than 100 bitcoin/altcoin exchanges
laravel,framework,2013-01-10 21:27:28,2024-06-30 09:28:15,False,81372,PHP,6,3394,986,31788,10751,18016,37745,30078,20,1022,733,The Laravel Framework.
jellyfin,jellyfin,2018-12-09 06:36:45,2024-06-30 11:56:16,False,63265,C#,4,1099,321,31644,2892,6087,25995,4986,28,75,74,The Free Software Media System
sqlmapproject,sqlmap,2012-06-26 09:52:15,2024-06-28 22:29:06,False,83533,Python,9,126,1093,31214,5598,5188,10191,394,4,112,9,Automatic SQL injection and database takeover tool
certbot,certbot,2014-11-12 02:52:20,2024-06-21 18:34:22,False,51933,Python,11,485,750,31096,3378,5290,10947,4623,846,136,52,Certbot is EFF's tool to obtain certs from Let's Encrypt and (optionally) auto-enable HTTPS on your server.  It can also act as a client for any other CA that uses the ACME protocol.
expo,expo,2016-08-15 17:14:25,2024-06-30 13:14:55,False,3024183,TypeScript,14,1310,290,30811,4867,13924,22495,15125,533,0,0,"An open-source framework for making universal native apps with React. Expo runs on Android, iOS, and the web."
DIYgod,RSSHub,2018-04-02 14:43:21,2024-06-30 02:01:57,False,336810,TypeScript,5,1027,338,30700,6861,5324,12032,10490,14,0,0,🧡 Everything is RSSible
hashicorp,vault,2015-02-25 00:15:59,2024-06-28 22:45:17,False,285161,Go,12,2176,819,29994,4119,6052,19909,21428,2611,385,144,"A tool for secrets management, encryption as a service, and privileged access management"
SeleniumHQ,selenium,2013-01-14 21:40:56,2024-06-29 19:34:34,False,2192373,Java,20,749,1289,29731,8017,10212,31880,3848,75,225,95,A browser automation framework and ecosystem.
foundation,foundation-sites,2011-10-13 23:05:42,2024-08-05 20:16:52,False,124223,HTML,4,1039,1233,29656,5485,8221,17271,4095,31,153,78,The most advanced responsive front-end framework in the world. Quickly create prototypes and production code for sites that work on any kind of device.
cockroachdb,cockroach,2014-02-06 00:18:47,2024-06-30 13:13:44,False,2735072,Go,21,860,694,29487,3694,63295,95254,62992,71,675,0,"CockroachDB - the open source, cloud-native distributed SQL database."
symfony,symfony,2010-01-04 14:21:21,2024-06-30 10:40:35,False,280101,PHP,8,3011,1101,29460,9405,20105,70872,32969,32,761,503,The Symfony PHP framework
TeamNewPipe,NewPipe,2015-09-03 23:39:26,2024-06-30 12:19:24,False,75136,Java,3,854,599,29412,2941,8722,11226,2111,6,132,129,A libre lightweight streaming front-end for Android.
sequelize,sequelize,2010-07-22 07:11:11,2024-06-28 03:51:29,False,61817,TypeScript,4,1067,417,29231,4251,10293,11026,6511,49,665,478,"Feature-rich ORM for modern Node.js and TypeScript, it supports PostgreSQL (with JSON and JSONB support), MySQL, MariaDB, SQLite, MS SQL Server, Snowflake, Oracle DB (v6), DB2 and DB2 for IBM i."
explosion,spaCy,2014-07-03 15:15:40,2024-06-26 07:41:41,False,202523,Python,13,670,557,29173,4326,5609,16134,4005,62,158,123,💫 Industrial-strength Natural Language Processing (NLP) in Python
google,jax,2018-10-25 21:25:02,2024-06-30 05:19:12,False,87977,Python,7,668,327,29008,2652,5293,21625,14230,489,244,107,"Composable transformations of Python+NumPy programs: differentiate, vectorize, JIT to GPU/TPU, and more"
kubernetes,minikube,2016-04-15 22:38:35,2024-06-30 13:28:44,False,217900,Go,15,1392,484,28727,4807,9458,24500,9654,5,148,148,Run Kubernetes locally
mattermost,mattermost,2015-06-15 06:50:02,2024-06-30 06:56:51,False,750722,TypeScript,12,972,541,28537,6985,8262,18774,18955,716,1050,576,Mattermost is an open source platform for secure collaboration across the entire software development lifecycle..
composer,composer,2011-06-08 08:53:00,2024-06-24 22:42:04,False,27120,PHP,1,986,602,28387,4484,7653,12475,3938,3,200,200,Dependency Manager for PHP
influxdata,influxdb,2013-09-26 14:31:10,2024-06-28 22:50:52,False,195735,Rust,6,615,736,28164,3506,13310,49264,11400,105,443,82,"Scalable datastore for metrics, events, and real-time analytics"
milvus-io,milvus,2019-09-16 06:43:43,2024-06-30 12:26:07,False,190597,Go,12,242,271,28032,2703,11117,20167,21081,122,85,80,"A cloud-native vector database, storage for next generation AI applications"
hashicorp,consul,2013-11-04 22:15:27,2024-06-30 01:32:38,False,479983,Go,11,1792,921,28020,4395,5406,21380,15768,1654,400,174,"Consul is a distributed, highly available, and data center aware solution to connect and configure applications across dynamic, distributed infrastructure."
Lightning-AI,pytorch-lightning,2019-03-31 00:45:57,2024-06-30 14:15:38,False,131517,Python,8,930,246,27414,3292,6985,10350,10171,103,209,157,"Pretrain, finetune and deploy AI models on multiple GPUs, TPUs with zero code changes."
numpy,numpy,2010-09-13 23:02:39,2024-06-30 14:17:56,False,144051,Python,14,1628,595,26992,9597,12537,36282,14227,29,240,113,The fundamental package for scientific computing with Python.
backstage,backstage,2020-01-24 22:39:49,2024-06-30 05:29:38,False,7468135,TypeScript,13,1525,218,26987,5618,5717,55637,18529,459,493,344,Backstage is an open framework for building developer portals
Automattic,mongoose,2010-04-06 21:39:05,2024-06-26 09:00:49,False,126198,JavaScript,4,1018,494,26755,3797,10732,21175,3678,125,866,138,MongoDB object modeling designed to work in an asynchronous environment.
angular,angular-cli,2015-06-04 19:49:37,2024-06-29 21:12:21,False,171123,TypeScript,8,644,998,26660,11978,15275,15165,12260,26,869,719,CLI tool for Angular
mpv-player,mpv,2012-10-13 08:08:44,2024-06-29 18:19:15,False,104326,C,9,480,501,26659,2833,9832,52663,4412,41,85,85,🎥 Command line video player
llvm,llvm-project,2016-12-07 09:39:33,2024-06-30 14:30:36,False,3044794,LLVM,54,4042,591,26656,10921,71956,503423,24489,515,268,109,The LLVM Project is a collection of modular and reusable compiler and toolchain technologies.
servo,servo,2012-02-08 19:07:25,2024-06-30 12:22:02,False,1381282,HTML,25,1196,497,26451,2932,12389,48604,20150,116,5,0,"Servo, the embeddable, independent, memory-safe, modular, parallel web rendering engine"
directus,directus,2012-12-12 01:35:36,2024-06-30 11:05:14,False,397158,TypeScript,8,393,306,26399,3661,8175,11910,8128,166,383,304,The Modern Data Stack 🐰 — Directus is an instant REST+GraphQL API and intuitive no-code data collaboration app for any SQL database.
nextcloud,server,2016-06-02 07:44:14,2024-06-30 13:23:34,False,4397662,PHP,12,1049,553,26102,3926,18356,75073,26483,425,1008,242,"☁️ Nextcloud server, a safe home for all your data"
hashicorp,vagrant,2010-01-21 08:34:27,2024-06-28 22:20:35,False,80695,Ruby,14,2005,721,26012,4413,9485,16729,3843,103,278,120,Vagrant is a tool for building and distributing development environments.
qbittorrent,qBittorrent,2012-02-04 09:37:46,2024-06-30 13:42:37,False,221004,C++,10,326,414,25862,3824,15648,12810,4293,16,237,0,qBittorrent BitTorrent client
quasarframework,quasar,2015-10-05 15:45:36,2024-06-27 11:40:20,False,379618,JavaScript,9,698,469,25496,3446,7712,14242,4624,9,915,901,Quasar Framework - Build high-performance VueJS user interfaces in record time
emscripten-core,emscripten,2011-02-12 05:23:30,2024-06-30 07:36:04,False,241125,C++,16,799,589,25349,3249,9088,27143,12629,137,440,0,Emscripten: An LLVM-to-WebAssembly Compiler
signalapp,Signal-Android,2011-12-15 20:01:12,2024-06-28 19:23:25,False,1335224,Java,9,332,897,25147,6050,10726,14909,2768,1,1444,10,A private messenger for Android.
telegramdesktop,tdesktop,2014-05-02 12:36:31,2024-06-30 07:31:57,False,223656,C++,13,174,822,25105,4989,13940,17640,1980,10,715,715,Telegram Desktop messaging app
fish-shell,fish-shell,2012-05-10 03:00:55,2024-06-30 10:26:09,False,75628,Rust,12,882,281,25045,1879,7092,19114,3304,34,80,44,The user-friendly command line shell.
openssl,openssl,2013-01-15 22:34:48,2024-06-30 13:57:33,False,235437,C,14,928,1010,24844,9917,9693,35336,14121,27,378,31,TLS/SSL and crypto library
AvaloniaUI,Avalonia,2013-12-05 20:13:21,2024-06-30 10:46:48,False,176160,C#,11,412,466,24510,2119,6738,26662,5485,544,118,79,"Develop Desktop, Embedded, Mobile and WebAssembly apps with C# and XAML. The most popular .NET UI client technology"
jumpserver,jumpserver,2014-07-04 03:54:59,2024-06-28 11:10:15,False,81220,Python,5,126,661,24269,5252,6342,11390,7137,54,232,222,An open-source PAM tool alternative to CyberArk.  广受欢迎的开源堡垒机。
envoyproxy,envoy,2016-08-08 15:07:24,2024-06-29 20:59:57,False,223540,C++,24,1205,588,24250,4682,11276,22116,23666,214,168,167,Cloud-native high-performance edge/middle/service proxy
angular,components,2016-01-04 18:50:02,2024-06-30 09:53:24,False,110221,TypeScript,7,758,898,24204,6689,15024,11911,14187,110,483,479,Component infrastructure and Material Design components for Angular
elixir-lang,elixir,2011-01-09 08:43:57,2024-06-27 10:08:25,False,61259,Elixir,7,1312,673,23975,3328,5359,20362,8314,21,160,151,"Elixir is a dynamic, functional language for building scalable and maintainable applications"
celery,celery,2009-04-24 11:31:24,2024-06-29 07:51:02,False,35363,Python,5,1134,471,23971,4613,5049,12560,3393,109,240,48,Distributed Task Queue (development branch)
syl20bnr,spacemacs,2012-12-17 21:34:03,2024-06-29 11:42:31,False,62099,Emacs Lisp,5,1191,483,23562,4901,8515,12886,7837,26,164,158,"A community-driven Emacs distribution - The best editor is neither Emacs nor Vim,  it's Emacs *and* Vim!"
youzan,vant,2017-04-19 07:55:31,2024-06-29 22:09:13,False,122891,TypeScript,7,337,371,22973,9459,7145,10051,5410,18,584,262,"A lightweight, customizable Vue UI library for mobile web apps."
goharbor,harbor,2016-01-28 21:10:28,2024-06-29 13:52:50,False,234551,Go,14,314,530,22968,4643,11254,12156,9108,46,303,293,"An open source trusted cloud native registry project that stores, signs, and scans content."
rancher,rancher,2014-11-07 20:49:31,2024-06-29 23:22:17,False,152363,Go,12,386,644,22769,2911,33471,12124,11782,437,1834,1000,Complete container management platform
kovidgoyal,kitty,2016-10-16 14:48:28,2024-06-30 01:28:47,False,54547,Python,10,289,182,22708,923,5372,14214,1298,4,111,111,"Cross-platform, fast, feature-rich, GPU based terminal"
bazelbuild,bazel,2014-06-12 16:00:38,2024-06-30 14:21:08,False,934893,Java,15,1000,605,22675,3971,13477,40116,8563,232,278,147,"a fast, scalable, multi-language and extensible build system"
ethereum,solidity,2015-08-17 12:27:26,2024-06-30 14:35:41,False,75422,C++,10,622,720,22653,5615,5946,24477,8805,389,126,109,"Solidity, the Smart Contract Programming Language"
nrwl,nx,2017-08-11 18:50:23,2024-06-29 20:18:41,False,269571,TypeScript,8,920,170,22578,2252,9918,12674,12989,153,790,759,Smart Monorepos · Fast CI
emberjs,ember.js,2011-05-25 23:39:40,2024-06-30 14:36:08,False,82216,JavaScript,4,824,849,22461,4213,6714,22554,10321,76,784,525,Ember.js - A JavaScript framework for creating ambitious web applications
containers,podman,2017-11-01 15:01:27,2024-06-30 08:21:58,False,141611,Go,12,660,208,22353,2305,8695,22878,12930,57,221,198,Podman: A tool for managing OCI containers and pods.
microsoft,vcpkg,2016-09-15 16:40:50,2024-06-30 08:42:49,False,73860,CMake,10,2017,433,22121,6153,17764,22569,20172,1,53,50,"C++ Library Manager for Windows, Linux, and MacOS"
facebook,flow,2014-10-28 17:17:45,2024-06-30 02:17:21,False,135091,OCaml,11,862,392,22090,1851,6661,17900,2386,222,355,352,Adds static typing to JavaScript to improve developer productivity and code quality.
jitsi,jitsi-meet,2013-12-16 12:51:09,2024-06-28 19:13:34,False,270662,TypeScript,13,479,508,22032,6571,6227,12362,8591,351,16049,63,"Jitsi Meet - Secure, Simple and Scalable Video Conferences that you use as a standalone app or embed in your web application."
PaddlePaddle,Paddle,2016-08-15 06:59:08,2024-06-30 14:34:56,False,441872,C++,12,938,718,21776,5467,18107,49211,47250,58,79,63,PArallel Distributed Deep LEarning: Machine Learning Framework from Industrial Practice （『飞桨』核心框架，深度学习&机器学习高性能单机、分布式训练和跨平台部署）
forem,forem,2016-11-13 23:02:13,2024-06-25 10:34:29,False,1665342,Ruby,10,703,360,21729,3966,5633,13430,14422,35,10,0,For empowering community 🌱
arendst,Tasmota,2017-01-28 13:37:08,2024-06-30 13:38:42,False,233369,C,18,351,625,21688,4713,9517,19515,6574,8,109,107,"Alternative firmware for ESP8266 and ESP32 based devices with easy configuration using webUI, OTA updates, automation using timers or rules, expandability and entirely local control over MQTT, HTTP, Serial or KNX. Full documentation at"
google,ExoPlayer,2014-06-13 21:19:18,2024-06-22 02:42:18,False,483154,Java,6,246,843,21603,5992,10123,18874,1195,4,207,28,An extensible media player for Android
jhipster,generator-jhipster,2013-10-21 20:07:22,2024-06-30 08:51:18,False,162320,TypeScript,12,713,717,21308,4009,7728,53658,18773,15,248,37,"JHipster is a development platform to quickly generate, develop, & deploy modern web applications & microservice architectures."
keycloak,keycloak,2013-07-02 13:38:51,2024-06-30 11:37:10,False,503175,Java,13,1118,373,20859,6419,10513,25402,16045,11,224,59,Open Source Identity and Access Management For Modern Applications and Services
Homebrew,homebrew-cask,2012-03-05 02:05:17,2024-06-30 13:41:42,False,387847,Ruby,3,8811,320,20678,10602,6452,235376,171436,7,130,81,🍻 A CLI workflow for the administration of macOS applications distributed as binaries
OpenAPITools,openapi-generator,2018-05-12 09:57:56,2024-06-30 08:55:38,False,873009,Java,24,2912,215,20528,6271,8068,20227,10878,89,86,64,"OpenAPI Generator allows generation of API client libraries (SDK generation), server stubs, documentation and configuration automatically given an OpenAPI Spec (v2, v3)"
pulumi,pulumi,2016-10-31 21:02:47,2024-06-29 18:09:59,False,145161,Go,11,297,193,20452,1060,7176,11840,8213,861,1049,253,Pulumi - Infrastructure as Code in any programming language 🚀
zulip,zulip,2015-09-25 16:37:25,2024-06-30 13:14:16,False,459183,Python,12,2162,377,20329,7508,9004,59147,21577,27,136,100,Zulip server and web application. Open-source team chat that helps teams stay productive and focused.
radareorg,radare2,2012-07-03 07:42:26,2024-06-29 06:45:04,False,175114,C,22,903,486,19931,2955,8423,32171,14192,61,115,91,UNIX-like reverse engineering framework and command-line toolset
matplotlib,matplotlib,2011-02-19 03:17:12,2024-06-30 03:18:32,False,452226,Python,13,1440,594,19618,7478,10339,50509,18127,23,132,85,matplotlib: plotting with Python
apache,shardingsphere,2016-01-18 12:49:26,2024-06-30 14:38:51,False,642988,Java,6,604,1012,19600,6656,11033,42890,20690,2,59,56,"Distributed SQL transaction & query engine for data sharding, scaling, encryption, and more - on any database."
elastic,kibana,2013-01-26 04:00:59,2024-06-30 14:34:25,False,6573204,TypeScript,19,2495,841,19468,8036,65380,75836,120391,853,415,150,Your window into the Elastic Stack
desktop,desktop,2016-05-11 15:59:00,2024-06-27 21:59:57,False,97461,TypeScript,7,411,1935,19437,9304,11247,36446,5853,286,676,0,Focus on what matters instead of fighting with Git.
PostHog,posthog,2020-01-23 22:46:58,2024-06-29 21:53:56,False,947513,Python,18,211,104,19301,1127,5601,17421,17675,1737,86,0,"🦔 PostHog provides open-source product analytics, session recording, feature flagging and A/B testing that you can self-host."
matomo-org,matomo,2011-03-30 21:18:17,2024-06-30 07:23:16,False,299337,PHP,10,363,420,19286,2588,13751,29911,7810,103,770,625,Empowering People Ethically with the leading open source alternative to Google Analytics that gives you full control over your data. Matomo lets you easily collect data from websites & apps and visualise this data and extract insights. Privacy is built-in. Liberating Web Analytics. Star us on Github? +1.  And we love Pull Requests! 
apollographql,apollo-client,2016-02-26 20:25:00,2024-06-30 06:56:00,False,82916,TypeScript,4,811,286,19268,2639,5067,12449,6359,260,1269,109,":rocket:  A fully-featured, production ready caching GraphQL client for every UI framework and GraphQL server."
crystal-lang,crystal,2012-11-27 17:32:32,2024-06-30 14:29:44,False,54640,Crystal,14,508,418,19198,1609,7411,15315,7204,94,139,119,The Crystal Programming Language
cilium,cilium,2015-12-16 12:33:31,2024-06-30 13:37:04,False,317617,Go,13,760,312,19184,2782,9461,29721,23915,647,649,293,"eBPF-based Networking, Security, and Observability"
bokeh,bokeh,2012-03-26 15:40:01,2024-06-29 07:59:06,False,339642,Python,9,608,442,19006,4167,7658,20536,6097,44,116,0,"Interactive Data Visualization in the browser, from  Python"
openwrt,openwrt,2015-11-09 07:13:55,2024-06-30 13:17:25,True,245385,C,14,1139,591,18861,9979,6666,61276,9109,8,69,17,This repository is a mirror of https://git.openwrt.org/openwrt/openwrt.git It is for reference only and is not active for check-ins.  We will continue to accept Pull Requests here. They will be merged via staging trees then into openwrt.git.
dotnet,roslyn,2015-01-11 02:39:03,2024-06-30 12:56:34,False,2082308,C#,11,2818,1029,18690,3980,32957,110883,39749,277,588,58,The Roslyn .NET compiler provides C# and Visual Basic languages with rich code analysis APIs.
micropython,micropython,2013-12-20 11:47:07,2024-06-30 12:49:42,False,63389,C,8,558,729,18665,7468,5297,16000,6134,3,62,19,MicroPython - a lean and efficient Python implementation for microcontrollers and constrained systems
RasaHQ,rasa,2016-10-14 12:27:49,2024-06-25 21:01:29,False,1622079,Python,7,497,350,18245,4560,6644,32610,6361,568,676,253,"💬   Open source machine learning framework to automate text- and voice-based conversations: NLU, dialogue management, connect to Slack, Facebook, and more - Create chatbots and voice assistants"
appium,appium,2013-01-09 22:49:50,2024-06-30 13:49:03,False,178118,JavaScript,7,348,877,18239,6006,13605,10919,5905,143,1612,1000,"Cross-platform automation framework for all kinds of apps, built on top of the W3C WebDriver protocol"
facebook,hhvm,2010-01-02 01:17:06,2024-06-29 23:25:00,False,735546,Hack,27,1159,1005,18055,2990,5929,68295,3351,202,1969,15,A virtual machine for executing programs written in Hack.
microsoft,fluentui,2016-06-06 15:03:44,2024-06-28 22:58:48,False,654290,TypeScript,10,874,289,18017,2689,12596,18165,18495,81,28882,1000,"Fluent UI web represents a collection of utilities, React components, and web components for building web applications."
python,mypy,2012-12-07 13:30:23,2024-06-30 02:04:35,False,66434,Python,10,685,238,17842,2740,10310,11902,7042,70,90,0,Optional static typing for Python
frappe,erpnext,2011-06-08 08:20:56,2024-06-30 10:28:55,False,1184781,Python,5,541,611,17502,6686,15244,49246,25585,133,1384,1000,Free and Open Source Enterprise Resource Planning (ERP)
kivy,kivy,2010-11-03 20:27:32,2024-06-27 11:54:47,False,76115,Python,13,500,601,17179,3036,5038,12941,3679,90,50,12,"Open source UI framework written in Python, running on Windows, Linux, macOS, Android and iOS"
gravitational,teleport,2015-03-02 19:36:00,2024-06-30 00:42:46,False,751676,Go,19,339,239,16940,1701,9742,18643,32672,2955,3813,639,"The easiest, and most secure way to access and protect all of your infrastructure."
vectordotdev,vector,2018-08-27 16:57:34,2024-06-30 07:56:44,False,113849,Rust,16,445,149,16920,1453,7429,11541,12027,781,94,79,A high-performance observability data pipeline.
swagger-api,swagger-codegen,2011-07-06 14:26:48,2024-06-26 00:25:56,False,105375,Mustache,18,1062,414,16718,6016,6496,11725,5587,19,123,117,"swagger-codegen contains a template-driven engine to generate documentation, API clients and server stubs in different languages by parsing your OpenAPI / Swagger definition."
renovatebot,renovate,2016-12-17 16:21:21,2024-06-30 14:31:04,False,111234,TypeScript,17,1117,93,16468,2113,5932,18120,15165,16,8639,1000,Home of the Renovate CLI: Cross-platform Dependency Automation by Mend.io
NixOS,nixpkgs,2012-06-04 02:49:46,2024-06-30 14:33:03,False,4282819,Nix,52,7056,278,16430,12923,38828,645703,283582,288,122,0,Nix Packages collection & NixOS
gradle,gradle,2009-09-09 18:27:19,2024-06-30 12:35:14,False,551233,Groovy,14,814,517,16350,4633,12944,117029,16421,877,594,262,"Adaptable, fast automation for all"
nim-lang,Nim,2010-08-16 20:38:58,2024-06-30 12:19:48,False,123178,Nim,11,755,302,16220,1464,11207,22050,12342,135,60,0,"Nim is a statically typed compiled systems programming language. It combines successful concepts from mature languages like Python, Ada and Modula. Its design focuses on efficiency, expressiveness, and elegance (in that order of priority)."
realm,realm-swift,2012-04-16 20:06:56,2024-06-29 12:54:58,False,67501,Objective-C,7,202,377,16180,2135,5361,12396,3151,68,413,287,Realm is a mobile database: a replacement for Core Data & SQLite
ipython,ipython,2010-05-10 04:46:06,2024-06-28 10:02:44,False,78693,Python,5,875,745,16179,4422,7324,27054,7081,23,179,29,"Official repository for IPython itself. Other repos in the IPython organization contain things like the website, documentation builds, etc."
thingsboard,thingsboard,2016-12-01 09:33:30,2024-06-28 16:29:25,False,250231,Java,12,180,557,16106,4917,6237,18742,4846,75,61,61,"Open-source IoT Platform - Device management, data collection, processing and visualization."
MarlinFirmware,Marlin,2011-08-13 08:07:20,2024-06-30 12:27:38,False,234174,C++,17,1144,901,16017,19123,14676,20505,12449,19,78,73,Marlin is an optimized firmware for RepRap 3D printers based on the Arduino platform. Many commercial 3D printers come with Marlin installed. Check with your vendor if you need source code for your specific machine.
prestodb,presto,2012-08-09 01:03:37,2024-06-30 07:19:28,False,216213,Java,17,856,862,15739,5282,6429,23022,16567,479,406,0,The official home of the Presto distributed SQL query engine for big data
koreader,koreader,2013-03-24 13:09:42,2024-06-30 11:29:22,False,69360,Lua,6,253,311,15711,1220,5866,10516,5833,1,261,238,"An ebook reader application supporting PDF, DjVu, EPUB, FB2 and many more formats, running on Cervantes, Kindle, Kobo, PocketBook and Android devices"
kubernetes,kops,2016-06-27 22:01:15,2024-06-28 18:10:07,False,429219,Go,8,1404,317,15653,4610,5099,21444,11519,105,235,201,"Kubernetes Operations (kOps) - Production Grade k8s Installation, Upgrades and Management"
netbox-community,netbox,2016-02-29 14:15:46,2024-06-28 21:48:39,False,97811,Python,7,308,409,15324,2488,9927,12779,2956,22,301,294,The premier source of truth powering network automation. Open source under Apache 2. Public demo: https://demo.netbox.dev
PrefectHQ,prefect,2018-06-29 21:59:26,2024-06-30 01:48:38,False,160554,Python,14,253,159,15310,1496,5216,17177,8615,517,364,270,Prefect is a workflow orchestration framework for building resilient data pipelines in Python.
hashicorp,packer,2013-03-23 05:43:03,2024-06-30 00:28:54,False,110838,Go,10,2191,471,14963,3324,6814,18618,6144,181,130,52,Packer is a tool for creating identical machine images for multiple platforms from a single source configuration.
ampproject,amphtml,2015-09-01 22:10:53,2024-06-29 08:01:52,False,960568,JavaScript,11,1167,636,14889,3881,14312,22438,25511,164,1479,835,The AMP web component framework.
ruffle-rs,ruffle,2019-04-25 17:53:32,2024-06-30 12:17:06,False,142683,Rust,11,171,156,14822,767,10472,12379,6012,4,1135,1000,A Flash Player emulator written in Rust
lichess-org,lila,2012-02-21 19:46:55,2024-06-30 14:08:45,False,508647,Scala,10,421,226,14803,2199,9109,60921,6240,608,5,2,"♞ lichess.org: the forever free, adless and open source chess server ♞"
firefly-iii,firefly-iii,2014-06-28 07:37:32,2024-06-24 03:07:39,False,298380,PHP,10,153,155,14754,1350,5724,19370,1563,3,408,355,Firefly III: a personal finances manager
RPCS3,rpcs3,2012-11-03 15:16:18,2024-06-30 14:10:29,False,119302,C++,9,293,598,14655,1860,7690,16657,7527,5,64,34,PS3 emulator/debugger
ppy,osu,2014-07-31 04:26:30,2024-06-30 11:32:34,False,172531,C#,5,445,295,14641,2160,10042,67721,12239,3,635,524,rhythm is just a *click* away!
tinymce,tinymce,2010-01-11 14:46:42,2024-06-29 10:19:24,False,89206,TypeScript,6,225,268,14616,2212,6389,26179,3087,129,2018,0,"The world's #1 JavaScript library for rich text editing. Available for React, Vue and Angular"
hashicorp,nomad,2015-06-01 10:21:00,2024-06-30 09:57:14,False,570939,Go,13,1651,533,14551,1919,6794,25946,14021,1207,533,174,"Nomad is an easy-to-use, flexible, and performant workload orchestrator that can deploy a mix of microservice, batch, containerized, and non-containerized applications. Nomad is easy to operate and scale and has native Consul and Vault integrations."
dotnet,runtime,2019-09-24 23:36:39,2024-06-30 13:06:17,False,807237,C#,31,4267,453,14521,4533,62173,134513,39072,37,123,106,".NET is a cross-platform runtime for cloud, mobile, desktop, and IoT apps."
OpenRA,OpenRA,2010-10-04 07:38:05,2024-06-30 11:23:29,False,324794,C#,12,332,381,14340,2634,9128,29999,10315,2,445,99,"Open Source real-time strategy game engine for early Westwood games such as Command & Conquer: Red Alert written in C# using SDL and OpenGL. Runs on Windows, Linux, *BSD and Mac OS X."
yiisoft,yii2,2012-02-13 15:32:36,2024-06-29 21:06:57,False,80837,PHP,10,1222,1068,14218,6927,11542,20483,8177,9,75,68,"Yii 2: The Fast, Secure and Professional PHP Framework"
signalapp,Signal-Desktop,2014-02-24 19:53:36,2024-06-27 14:37:59,False,570033,TypeScript,7,252,422,14161,2577,5759,10635,1136,134,805,727,"A private messenger for Windows, macOS, and Linux."
elastic,logstash,2010-11-18 01:31:50,2024-06-28 23:35:15,False,127273,Java,12,2341,830,14086,3482,6707,10771,9457,205,348,149,"Logstash - transport and process your logs, events, or other data"
NodeBB,NodeBB,2013-04-22 16:49:40,2024-06-29 19:53:52,False,88527,JavaScript,8,215,368,13994,2754,7967,27475,4618,60,422,274,Node.js based forum software built for the modern web
saltstack,salt,2011-02-20 20:16:56,2024-06-30 04:17:49,False,541848,Python,18,2458,533,13978,5469,26419,121127,40211,29,290,201,Software to automate the management and configuration of any infrastructure or application at scale. Get access to the Salt software package repository here: 
apache,pulsar,2016-06-28 07:00:03,2024-06-28 18:21:18,False,218064,Java,11,676,403,13929,3527,6828,12777,15497,34,242,87,Apache Pulsar - distributed pub-sub messaging system
jupyterlab,jupyterlab,2016-06-03 20:09:17,2024-06-30 13:26:57,False,247510,TypeScript,10,550,313,13918,3202,8336,26055,8124,23,40530,204,JupyterLab computational environment.
apache,arrow,2016-02-17 08:00:23,2024-06-30 09:25:41,False,192423,C++,30,1098,351,13857,3374,25084,16233,17989,75,109,0,Apache Arrow is a multi-language toolbox for accelerated data interchange and in-memory processing
rust-lang,rust-analyzer,2017-12-21 19:24:42,2024-06-30 14:33:36,False,73219,Rust,6,848,93,13784,1523,7524,30554,9912,12,243,242,A Rust compiler front-end for IDEs
ansible,awx,2017-05-17 15:50:14,2024-06-29 02:09:02,False,344853,Python,10,515,371,13645,3372,8176,34069,7056,36,101,63,"AWX provides a web-based user interface, REST API, and task engine built on top of Ansible. It is one of the upstream projects for Red Hat Ansible Automation Platform."
dotnet,efcore,2014-01-23 00:52:01,2024-06-30 10:56:51,False,191359,C#,8,2630,909,13480,3125,21369,15594,12293,74,250,210,"EF Core is a modern object-database mapper for .NET. It supports LINQ queries, change tracking, updates, and schema migrations."
microsoft,onnxruntime,2018-11-10 02:22:53,2024-06-29 19:33:20,False,1267930,C++,28,10000,243,13412,2744,6164,11288,14209,2566,51,50,"ONNX Runtime: cross-platform, high performance ML inferencing and training accelerator"
Homebrew,homebrew-core,2016-03-01 06:58:36,2024-06-30 13:02:19,False,774095,Ruby,3,9962,299,13376,12166,5484,492421,170259,87,0,0,🍻 Default formulae for the missing package manager for macOS (or Linux)
quarkusio,quarkus,2018-07-06 00:44:20,2024-06-30 14:32:30,False,318298,Java,14,956,259,13341,2552,16593,46026,22775,57,321,318,Quarkus: Supersonic Subatomic Java. 
OpenRCT2,OpenRCT2,2014-04-01 23:32:25,2024-06-30 11:25:22,False,223449,C++,15,566,203,13102,1499,12088,26446,9211,7,39,38,An open source re-implementation of RollerCoaster Tycoon 2 🎢
akka,akka,2009-02-16 12:51:54,2024-06-28 13:43:17,False,274943,Scala,7,802,578,12977,3586,8013,27053,11807,122,349,52,"Build highly concurrent, distributed, and resilient message-driven applications on the JVM"
scylladb,scylladb,2014-12-24 13:16:33,2024-06-30 13:41:37,False,179996,C++,13,149,338,12912,1240,12219,43371,7246,102,361,0,"NoSQL data store using the seastar framework, compatible with Apache Cassandra"
espressif,esp-idf,2016-08-17 10:40:35,2024-06-29 23:29:01,False,286219,C,13,864,495,12871,7082,12099,37950,1822,19,143,118,Espressif IoT Development Framework. Official development framework for Espressif SoCs.
systemd,systemd,2015-03-25 15:27:27,2024-06-30 14:29:54,False,396018,C,12,2157,348,12793,3677,11774,74731,21651,5,384,79,The systemd System and Service Manager 
Chocobozzz,PeerTube,2015-10-29 22:09:42,2024-06-28 13:36:41,False,288942,TypeScript,7,437,305,12730,1455,5158,13239,1222,3,131,122,ActivityPub-federated video streaming platform using P2P directly in your web browser
phpstan,phpstan,2016-01-04 18:22:16,2024-06-30 12:35:04,False,5196026,PHP,5,248,173,12679,861,7768,10994,1850,29,321,318,PHP Static Analysis Tool - discover bugs in your code without running it!
scipy,scipy,2011-03-09 18:52:03,2024-06-30 14:04:43,False,160089,Python,12,1491,345,12674,5068,10090,32806,10981,31,167,92,SciPy library main repository
solana-labs,solana,2018-02-14 04:26:27,2024-06-24 12:58:58,False,444792,Rust,8,498,308,12657,3948,5364,24985,30025,41,536,513,"Web-Scale Blockchain for fast, secure, scalable, decentralized apps and marketplaces."
termux,termux-packages,2015-06-12 21:48:33,2024-06-30 14:20:45,False,77786,Shell,16,436,1354,12591,2904,8241,37257,10836,29,181,175,A package build system for Termux.
sympy,sympy,2010-04-30 20:37:14,2024-06-29 18:19:18,False,185210,Python,7,1212,295,12555,4324,13141,58113,13220,13,99,50,A computer algebra system written in pure Python
rubocop,rubocop,2012-04-21 10:09:58,2024-06-30 07:07:39,False,45470,Ruby,4,869,181,12541,3044,5591,13855,7207,5,273,230,"A Ruby static code analyzer and formatter, based on the community Ruby style guide."
gitpod-io,gitpod,2018-04-24 15:56:54,2024-06-29 00:23:06,False,92965,Go,16,139,142,12476,1193,8676,11814,11131,1238,1318,53,The developer platform for on-demand cloud development environments to create software faster and more securely.
abpframework,abp,2016-12-03 22:56:24,2024-06-29 06:28:16,False,1095637,C#,13,355,334,12458,3353,9386,35610,10263,96,212,209,"Open-source web application framework for ASP.NET Core! Offers an opinionated architecture to build enterprise software solutions with best practices on top of the .NET. Provides the fundamental infrastructure, cross-cutting-concern implementations, startup templates, application modules, UI themes, tooling and documentation."
dotnet,AspNetCore.Docs,2014-12-19 17:38:02,2024-06-28 21:50:02,False,839584,C#,13,4084,699,12427,25328,14972,18561,17809,36,40,40,Documentation for ASP.NET Core
Automattic,wp-calypso,2015-11-10 20:00:16,2024-06-30 06:37:27,False,834904,TypeScript,12,918,487,12375,1973,30560,68563,60389,2865,305,42,The JavaScript and API powered WordPress.com
CesiumGS,cesium,2012-03-02 22:27:14,2024-06-28 18:47:22,False,720121,JavaScript,8,358,469,12358,3376,5808,40485,6172,336,181,159,An open-source JavaScript library for world-class 3D globes and maps :earth_americas:
rust-lang,cargo,2014-03-04 23:20:42,2024-06-30 07:22:51,False,51598,Rust,6,1005,193,12253,2309,7078,17934,6918,76,99,0,The Rust package manager
rook,rook,2016-07-08 22:45:05,2024-06-28 12:17:06,False,61839,Go,9,508,268,12077,2660,5268,11231,8588,26,217,186,Storage Orchestration for Kubernetes
mozilla-mobile,firefox-ios,2014-11-03 19:07:02,2024-06-29 15:06:00,False,708122,Swift,10,363,516,12075,2876,8195,15711,12255,130,234,151,Firefox for iOS
ag-grid,ag-grid,2014-12-23 16:20:14,2024-06-30 12:20:56,False,2613151,TypeScript,6,138,215,12057,1812,6005,39772,2168,582,255,217,The best JavaScript Data Table for building Enterprise Applications. Supports React / Angular / Vue / Plain JavaScript.
elastic,beats,2014-02-05 19:01:02,2024-06-28 22:28:00,False,427384,Go,20,2539,675,12047,4887,10359,17698,29406,417,272,268,:tropical_fish: Beats - Lightweight shippers for Elasticsearch & Logstash 
highcharts,highcharts,2010-06-11 12:23:53,2024-06-28 16:36:33,False,352830,TypeScript,6,189,337,11888,3545,14678,36649,6699,454,210,0,"Highcharts JS, the JavaScript charting framework"
languagetool-org,languagetool,2013-08-08 16:37:22,2024-06-30 09:46:12,False,5511819,Java,11,194,164,11792,1379,5814,77199,4848,332,54,0,Style and Grammar Checker for 25+ Languages
musescore,MuseScore,2012-05-26 12:46:33,2024-06-30 14:25:28,False,783695,C++,18,382,238,11788,2562,8715,36451,14478,112,74,58,"MuseScore is an open source and free music notation software. For support, contribution, bug reports, visit MuseScore.org. Fork and make pull requests!"
apache,doris,2017-08-10 12:13:30,2024-06-30 14:23:45,False,791502,Java,27,657,282,11788,3109,6978,20267,28673,78,149,49,"Apache Doris is an easy-to-use, high performance and unified analytics database."
MetaMask,metamask-extension,2015-09-06 16:34:48,2024-06-30 12:52:25,False,543347,JavaScript,10,634,555,11648,4772,10914,20501,14244,1335,648,411,:globe_with_meridians: :electric_plug: The MetaMask browser extension enables browsing Ethereum blockchain enabled websites
pytest-dev,pytest,2015-06-15 20:28:27,2024-06-30 12:05:12,False,34059,Python,2,862,193,11610,2578,5767,16082,5875,30,205,69,"The pytest framework makes it easy to write small tests, yet scales to support complex functional testing"
Jackett,Jackett,2015-10-29 16:23:19,2024-06-30 13:59:42,False,35591,C#,7,412,186,11604,1265,12012,14319,3341,4,2550,1000,API Support for your favorite torrent trackers
HabitRPG,habitica,2012-06-06 22:49:48,2024-06-29 04:34:37,False,1646002,JavaScript,8,820,285,11580,4018,7785,25359,7455,32,1147,928,A habit tracker app which treats your goals like a Role Playing Game.
NixOS,nix,2012-02-08 10:17:59,2024-06-30 14:11:47,False,71823,C++,15,642,122,11445,1443,5930,17633,4922,132,153,0,"Nix, the purely functional package manager"
magento,magento2,2011-11-30 15:30:13,2024-06-28 20:34:04,False,682791,PHP,6,3015,1249,11355,9275,24257,145453,14358,24,180,153,"Prior to making any Submission(s), you must sign an Adobe Contributor License Agreement, available here at: https://opensource.adobe.com/cla.html. All Submissions you make to Adobe Inc. and its affiliates, assigns and subsidiaries (collectively “Adobe”) are subject to the terms of the Adobe Contributor License Agreement."
aws,aws-cdk,2017-10-04 19:22:36,2024-06-30 09:12:50,False,952004,TypeScript,14,1484,228,11337,3762,14316,13809,15302,148,536,536,The AWS Cloud Development Kit is a framework for defining cloud infrastructure in code
metersphere,metersphere,2020-02-03 02:06:12,2024-06-29 06:52:33,False,372381,Java,9,60,186,11188,2488,9577,19695,22233,37,161,160,MeterSphere 是新一代的测试管理和接口测试工具，让软件测试工作更简单、更高效，不再成为持续交付的瓶颈。
openlayers,openlayers,2012-06-20 06:53:59,2024-06-29 04:13:03,False,129850,JavaScript,6,361,394,11069,3000,6437,33963,9423,10,256,130,OpenLayers
rust-lang,rust-clippy,2014-11-19 07:49:21,2024-06-30 13:28:38,False,57857,Rust,6,926,84,11013,1473,6584,20080,6371,6,208,0,A bunch of lints to catch common mistakes and improve your Rust code. Book: https://doc.rust-lang.org/clippy/
mono,mono,2010-07-22 18:06:36,2024-06-30 13:31:28,False,579533,C#,31,815,530,10931,3805,5026,122603,16655,281,532,0,"Mono open source ECMA CLI, C# and .NET implementation."
mapbox,mapbox-gl-js,2013-03-07 14:45:24,2024-06-29 18:35:49,False,523958,TypeScript,7,842,360,10874,2190,7654,11404,5465,528,363,219,"Interactive, thoroughly customizable maps in the browser, powered by vector tiles and WebGL"
element-hq,element-web,2015-07-22 05:32:15,2024-06-26 18:19:22,False,99378,TypeScript,8,552,225,10803,1899,22835,13776,3217,186,525,495,A glossy Matrix collaboration client for the web.
hrydgard,ppsspp,2012-11-01 08:41:48,2024-06-29 23:11:02,False,305577,C++,18,384,516,10776,2123,9024,40538,10142,53,120,69,"A PSP emulator for Android, Windows, Mac and Linux, written in C++. Want to contribute? Join us on Discord at https://discord.gg/5NJB6dD or just send pull requests / issues. For discussion use the forums at forums.ppsspp.org."
dagster-io,dagster,2018-04-30 16:30:04,2024-06-30 02:53:16,False,1061457,Python,14,428,115,10659,1323,7064,18985,13987,2251,754,313,"An orchestration platform for the development, production, and observation of data assets."
cockpit-project,cockpit,2013-11-01 17:36:46,2024-06-30 11:32:55,False,194065,JavaScript,12,194,193,10603,1068,5552,21570,14644,8,387,379,Cockpit is a web-based graphical interface for servers.
snipe,snipe-it,2013-11-12 22:25:47,2024-06-28 08:01:28,False,206272,PHP,10,261,343,10263,3050,10554,14119,3697,67,259,249,A free open source IT asset/license management system
Sonarr,Sonarr,2011-09-27 05:57:16,2024-06-30 10:56:35,False,295534,C#,10,427,236,10255,1306,5109,10584,1790,31,99,43,Smart PVR for newsgroup and bittorrent users.
minetest,minetest,2011-08-07 13:48:36,2024-06-30 13:21:07,False,107673,C++,12,733,320,10227,1965,7514,11665,7216,6,63,27,Minetest is an open source voxel game-creation platform with easy modding and game creation
cdnjs,cdnjs,2011-02-25 05:53:47,2024-06-21 22:27:38,False,51560340,,0,1442,271,10218,4512,5886,207095,8230,1,8,0,🤖 CDN assets - The #1 free and open source CDN built to make life easier for developers.
ArduPilot,ardupilot,2013-01-09 00:58:52,2024-06-30 03:30:19,False,357337,C++,26,790,658,10157,16713,6913,63719,20500,71,494,60,"ArduPlane, ArduCopter, ArduRover, ArduSub source"
sourcegraph,sourcegraph-public-snapshot,2015-08-24 07:27:28,2024-09-02 11:52:13,False,1341629,Go,38,467,179,10100,1266,21625,37755,42296,3630,700,94,Code AI platform with Code Search & Cody
MicrosoftDocs,azure-docs,2016-11-02 22:00:37,2024-06-30 11:18:16,False,24058563,Markdown,3,10000,570,10075,21124,83239,1261926,39588,25,0,0,Open source documentation of Microsoft Azure
zephyrproject-rtos,zephyr,2016-05-26 17:54:19,2024-06-30 13:40:14,False,660945,C,25,2248,400,9989,6150,21684,98432,51768,86,190,119,"Primary Git Repository for the Zephyr Project. Zephyr is a new generation, scalable, optimized, secure RTOS for multiple hardware architectures."
WordPress,gutenberg,2017-02-03 19:34:19,2024-06-30 09:31:08,False,873219,JavaScript,16,1221,353,9979,4007,27321,32310,34903,2713,16179,506,The Block Editor project for WordPress and beyond. Plugin is available from the official repository.
CleverRaven,Cataclysm-DDA,2012-09-26 22:57:43,2024-06-30 14:19:47,False,8637568,C++,19,2031,317,9940,4083,27450,113892,46622,26,9388,1000,Cataclysm - Dark Days Ahead. A turn-based survival game set in a post-apocalyptic world.
Z3Prover,z3,2015-03-26 18:16:07,2024-06-26 16:16:02,False,132589,C++,15,282,180,9934,1455,5418,18721,1516,23,43,41,The Z3 Theorem Prover
dart-lang,sdk,2015-05-16 14:14:58,2024-06-29 12:05:16,False,1419575,Dart,19,517,289,9933,1527,54431,101914,1020,16,5777,0,"The Dart SDK, including the VM, dart2js, core libraries, and more."
sourcegraph,sourcegraph,2015-08-24 07:27:28,2024-06-30 09:32:57,False,1210074,Go,38,460,181,9865,1196,21608,36957,41333,3446,691,85,Code AI platform with Code Search & Cody
doctrine,orm,2010-04-06 21:42:59,2024-06-28 13:51:48,False,52499,PHP,2,796,253,9861,2498,6210,14535,5029,40,170,118,Doctrine Object Relational Mapper (ORM)
trinodb,trino,2019-01-19 06:38:14,2024-06-30 13:14:06,False,251632,Java,12,1144,169,9833,2848,6373,38353,15706,21,384,0,"Official repository of Trino, the distributed SQL query engine for big data, formerly known as PrestoSQL (https://trino.io)"
qgis,QGIS,2011-05-02 08:06:26,2024-06-30 13:24:15,False,3874052,C++,21,535,352,9817,2896,31406,86820,26478,85,260,85,"QGIS is a free, open source, cross platform (lin/win/mac) geographical information system (GIS)"
primefaces,primeng,2016-01-16 09:23:28,2024-06-30 09:06:30,False,154760,CSS,5,585,305,9808,4499,12662,15717,3245,12,272,272,The Most Complete Angular UI Component Library
libretro,RetroArch,2010-05-27 14:47:40,2024-06-29 13:16:28,False,512651,C,22,575,330,9747,1770,7620,63759,9066,24,127,77,"Cross-platform, sophisticated frontend for the libretro API. Licensed GPLv3."
statsmodels,statsmodels,2011-06-12 17:04:50,2024-06-30 14:26:04,False,53571,Python,12,370,282,9704,2840,5395,15356,3898,20,53,27,Statsmodels: statistical modeling and econometrics in Python
misskey-dev,misskey,2016-12-25 13:16:07,2024-06-30 13:25:36,False,155132,TypeScript,12,274,97,9638,1279,6903,25644,7007,34,993,987,🌎 An interplanetary microblogging platform 🚀
hashicorp,terraform-provider-aws,2017-06-05 20:37:52,2024-06-29 21:46:54,False,571046,Go,9,4040,445,9606,8990,18534,98722,19639,41,391,291,The AWS Provider enables Terraform to manage AWS resources.
numba,numba,2012-03-08 11:12:43,2024-06-30 08:49:41,False,77688,Python,8,317,202,9603,1111,5174,26140,4448,38,207,19,NumPy aware dynamic Python compiler using LLVM
wazuh,wazuh,2015-08-11 17:39:03,2024-06-30 13:31:39,False,377108,C,15,350,212,9602,1518,16346,34628,7345,869,109,106,Wazuh - The Open Source Security Platform. Unified XDR and SIEM protection for endpoints and cloud workloads.
Radarr,Radarr,2016-12-25 11:38:26,2024-06-30 04:26:07,False,311606,C#,9,666,200,9494,961,7689,12526,2419,47,184,136,Movie organizer/manager for usenet and torrent users.
qutebrowser,qutebrowser,2014-06-26 14:59:34,2024-06-30 03:58:37,False,62720,Python,12,360,164,9457,1010,5483,25123,2213,43,90,90,"A keyboard-driven, vim-like browser based on Python and Qt."
pypa,pip,2011-03-06 14:30:46,2024-06-30 11:14:46,False,70698,Python,2,699,320,9359,2979,7226,14646,5523,4,148,0,The Python package installer
TrinityCore,TrinityCore,2010-12-28 23:40:07,2024-06-30 02:36:02,False,1253869,C++,12,539,714,9250,5995,22429,42736,7255,4,124,90,"TrinityCore Open Source MMO Framework (master = 10.2.7.55261, 3.3.5 = 3.3.5a.12340, wotlk_classic = 3.4.3.54261, cata classic =  4.4.0.55262)"
woocommerce,woocommerce,2011-08-09 15:12:11,2024-06-30 00:04:10,False,738147,PHP,15,1899,573,9198,10740,28133,64341,19799,1301,754,498,"A customizable, open-source ecommerce platform built on WordPress. Build any commerce solution you can imagine."
sqlalchemy,sqlalchemy,2018-11-27 03:35:03,2024-06-28 16:34:42,False,86575,Python,2,621,99,9113,1367,7803,17031,805,17,310,167,The Database Toolkit for Python
nopSolutions,nopCommerce,2014-04-09 05:47:50,2024-06-28 08:45:24,False,1272798,C#,8,174,624,9062,5185,6243,14822,987,14,60,58,ASP.NET Core eCommerce software. nopCommerce is a free and open-source shopping cart.
darktable-org,darktable,2012-03-21 21:53:04,2024-06-30 13:13:21,False,1271802,C,20,483,173,9052,1106,7150,41441,9919,45,134,74,darktable is an open source photography workflow application and raw developer
keybase,client,2015-01-11 17:17:12,2024-06-20 19:49:04,False,683501,Go,24,97,297,8824,1217,7373,37082,18915,1986,184,103,"Keybase Go Library, Client, Service, OS X, iOS, Android, Electron"
ckeditor,ckeditor5,2015-01-08 12:13:59,2024-06-28 14:54:31,False,555495,JavaScript,6,141,148,8685,3619,13187,57326,3394,338,110,102,"Powerful rich text editor framework with a modular architecture, modern integrations, and features like collaborative editing."
cakephp,cakephp,2010-05-08 14:38:22,2024-06-29 04:32:54,False,108832,PHP,7,607,543,8675,3440,6571,46996,11061,10,502,418,CakePHP: The Rapid Development Framework for PHP - Official Repository
yugabyte,yugabyte-db,2017-10-05 21:56:00,2024-06-30 03:14:51,False,765952,C,37,497,248,8631,1035,18776,23010,4114,87,3802,193,YugabyteDB - the cloud native distributed SQL database for mission-critical applications.
bitnami,charts,2016-02-22 19:51:26,2024-06-30 14:13:24,False,283587,Smarty,7,2152,104,8592,8977,8019,30617,19483,15,24130,0,Bitnami Helm Charts
unoplatform,uno,2018-05-07 11:52:27,2024-06-29 22:56:38,False,237297,C#,13,307,198,8576,694,6314,31040,9166,336,110,45,"Build Mobile, Desktop and WebAssembly apps with C# and XAML. Today. Open source and professionally supported."
spring-projects,spring-security,2012-01-10 21:50:57,2024-06-30 00:01:21,False,77008,Java,11,727,429,8549,5788,12171,16025,3109,31,312,185,Spring Security
PipedreamHQ,pipedream,2020-01-22 00:28:31,2024-06-29 17:57:11,False,268631,JavaScript,7,165,276,8510,5267,7787,10581,4607,660,3,0,"Connect APIs, remarkably fast.  Free for developers."
openshift,origin,2014-07-30 20:04:05,2024-06-29 07:00:50,False,1266549,Go,5,2834,477,8463,4696,8972,37413,19923,55,72,59,Conformance test suite for OpenShift
bigbluebutton,bigbluebutton,2010-05-25 01:42:41,2024-06-29 22:36:14,False,868936,JavaScript,16,208,402,8400,5919,9540,42375,11026,9,250,225,Complete open source web conferencing system.
owncloud,core,2012-08-25 10:32:48,2024-06-27 11:47:16,False,351396,PHP,9,625,442,8299,2059,19276,50212,21905,506,509,0,":cloud: ownCloud web server core (Files, DAV, etc.)"
checkstyle,checkstyle,2013-08-31 02:05:05,2024-06-30 14:14:40,False,151609,Java,11,397,222,8216,3632,5267,13686,9807,2,176,147,"Checkstyle is a development tool to help programmers write Java code that adheres to a coding standard. By default it supports the Google Java Style Guide and Sun Code Conventions, but is highly configurable. It can be invoked with an ANT task and a command line program."
betaflight,betaflight,2015-06-08 10:37:44,2024-06-28 21:51:51,False,401135,C,9,489,412,8151,2897,5648,18501,7744,9,285,132,Open Source Flight Controller Firmware
ankidroid,Anki-Android,2013-01-20 13:55:53,2024-06-30 14:13:17,False,246369,Kotlin,9,435,153,8104,2166,7846,19344,8802,16,1168,1000,AnkiDroid: Anki flashcards on Android. Your secret trick to achieve superhuman information retention.
spyder-ide,spyder,2015-02-16 22:49:48,2024-06-28 21:59:34,False,134748,Python,16,203,297,8099,1571,17929,29263,4112,9,203,104,Official repository for Spyder - The Scientific Python Development Environment
apache,jmeter,2010-05-26 23:38:07,2024-06-27 08:08:23,False,133085,Java,10,90,320,8068,2051,5273,18261,1010,6,82,10,Apache JMeter open-source load testing tool for analyzing and measuring the performance of a variety of services
rapidsai,cudf,2017-05-07 03:43:37,2024-06-30 01:56:25,False,143587,C++,10,260,149,7986,866,6218,39000,9882,155,107,50,cuDF - GPU DataFrame Library 
PrestaShop,PrestaShop,2012-11-19 16:41:31,2024-06-28 20:49:34,False,719726,PHP,14,834,458,7923,4757,15638,89709,20192,7,159,133,PrestaShop is the universal open-source software platform to build your e-commerce solution.
readthedocs,readthedocs.org,2010-08-16 19:18:06,2024-06-30 10:16:18,False,115377,Python,10,470,248,7921,3580,5543,20442,5685,104,321,0,The source code that powers readthedocs.org
PX4,PX4-Autopilot,2012-08-04 21:19:36,2024-06-30 12:39:13,False,244670,C++,16,644,449,7832,13218,7850,44000,15467,549,139,108,PX4 Autopilot Software
apache,beam,2016-02-02 08:00:06,2024-06-30 06:14:16,False,666633,Java,25,1211,261,7670,4189,6808,42630,24887,149,337,41,Apache Beam is a unified programming model for Batch and Streaming data processing.
gitextensions,gitextensions,2008-12-06 09:18:59,2024-06-28 22:42:36,False,143425,C#,9,394,267,7590,2067,6521,16486,4879,26,163,58,Git Extensions is a standalone UI tool for managing git repositories. It also integrates with Windows Explorer and Microsoft Visual Studio (2015/2017/2019).
carbon-design-system,carbon,2017-03-13 14:23:59,2024-06-30 14:03:41,False,4570489,JavaScript,8,460,89,7585,1758,8275,11104,7934,36,981,939,A design system built by IBM
microsoft,azuredatastudio,2017-11-02 01:00:13,2024-06-24 22:28:12,False,754792,TypeScript,15,295,273,7499,883,12365,10347,13059,552,159,136,"Azure Data Studio is a data management and development tool with connectivity to popular cloud and on-premises databases. Azure Data Studio supports Windows, macOS, and Linux, with immediate capability to connect to Azure SQL and SQL Server. Browse the extension library for more database support options including MySQL, PostgreSQL, and MongoDB."
prusa3d,PrusaSlicer,2016-03-01 14:26:57,2024-06-27 13:10:16,False,345743,C++,18,215,272,7492,1894,11997,25128,872,229,303,159,"G-code generator for 3D printers (RepRap, Makerbot, Ultimaker etc.)"
IntelRealSense,librealsense,2015-11-17 20:42:18,2024-06-30 13:04:02,False,264043,C++,12,298,293,7426,4799,9242,17463,3746,13,157,76,Intel® RealSense™ SDK
opencart,opencart,2011-08-02 07:32:17,2024-06-30 13:39:37,False,180024,PHP,9,370,590,7322,4795,6667,16794,7190,4,41,29,A free shopping cart system. OpenCart is an open source PHP-based online e-commerce solution.
spesmilo,electrum,2012-08-02 16:24:30,2024-06-30 09:13:31,False,60220,Python,8,344,371,7222,3022,6622,17608,2269,37,173,0,Electrum Bitcoin Wallet
Graylog2,graylog2-server,2010-05-17 21:27:02,2024-06-29 00:09:38,False,178437,Java,11,173,239,7210,1052,7216,24933,12464,387,394,0,Free and open log management
project-chip,connectedhomeip,2020-03-03 17:05:10,2024-06-30 02:12:10,False,595310,C++,16,537,192,7159,1895,11645,16338,22474,39,32,19,"Matter (formerly Project CHIP) creates more connections between more objects, simplifying development for manufacturers and increasing compatibility for consumers, guided by the Connectivity Standards Alliance."
phpmyadmin,phpmyadmin,2012-01-19 13:21:52,2024-06-30 09:27:31,False,1944763,PHP,7,1319,279,7117,3364,14049,128839,5076,12,479,311,A web interface for MySQL and MariaDB
mautic,mautic,2013-08-19 00:36:28,2024-06-29 21:26:19,False,202455,PHP,8,354,300,6825,2501,7144,29383,6711,39,166,153,Mautic: Open Source Marketing Automation Software.
h2oai,h2o-3,2014-03-03 16:08:07,2024-06-30 00:52:11,False,624684,Jupyter Notebook,23,372,385,6777,1992,9373,32470,6839,2569,3953,0,"H2O is an Open Source, Distributed, Fast & Scalable Machine Learning Platform: Deep Learning, Gradient Boosting (GBM) & XGBoost, Random Forest, Generalized Linear Modeling (GLM with Elastic Net), K-Means, PCA, Generalized Additive Models (GAM), RuleFit, Support Vector Machine (SVM), Stacked Ensembles, Automatic Machine Learning (AutoML), etc."
frappe,frappe,2011-06-08 08:14:16,2024-06-30 09:33:38,False,406669,Python,8,596,212,6667,3196,5671,46719,20992,55,1263,1000,"Low code web framework for real world applications, in Python and Javascript"
elementor,elementor,2016-05-30 13:05:46,2024-06-30 13:01:19,False,221128,PHP,7,160,234,6480,1404,15343,27504,9443,50,1547,1000,"The most advanced frontend drag & drop page builder. Create high-end, pixel perfect websites at record speeds. Any theme, any page, any design."
processing,processing,2013-01-24 21:17:22,2024-08-07 17:05:32,False,1647982,Java,14,143,428,6467,1504,5132,13211,1048,4,473,48,Source code for the Processing Core and Development Environment (PDE)
conda,conda,2012-10-15 22:08:03,2024-06-30 00:27:23,False,68227,Python,7,439,195,6221,1587,9605,16908,4323,50,297,165,"A system-level, binary package and environment manager running on all major operating systems and platforms."
sphinx-doc,sphinx,2015-01-02 10:53:28,2024-06-30 14:10:09,False,93606,Python,13,724,149,6168,2025,6915,20909,5479,5,202,45,The Sphinx documentation generator
azerothcore,azerothcore-wotlk,2016-06-26 08:40:05,2024-06-30 12:37:50,False,750270,C++,12,451,179,6114,2452,8717,13386,10035,3,18,13,Complete Open Source and Modular solution for MMO
OpenTTD,OpenTTD,2018-04-06 18:06:22,2024-06-30 08:15:09,False,411441,C++,14,181,110,6073,851,8369,29486,4271,21,216,46,OpenTTD is an open source simulation game based upon Transport Tycoon Deluxe
cosmos,cosmos-sdk,2016-02-06 07:15:53,2024-06-30 11:48:10,False,303459,Go,12,627,257,6067,3480,6665,13008,13765,195,497,236,:chains: A Framework for Building High Value Public Blockchains :sparkles:
ntop,ntopng,2015-04-30 10:07:16,2024-06-29 15:01:28,False,390986,Lua,14,115,153,6027,639,7867,22653,604,22,16,15,Web-based Traffic and Security Network Traffic Monitoring
HaxeFoundation,haxe,2013-05-25 09:20:11,2024-06-30 09:03:16,False,83841,Haxe,19,218,171,6026,648,9271,21254,2402,168,101,67,Haxe - The Cross-Platform Toolkit
jOOQ,jOOQ,2011-04-17 10:43:33,2024-06-28 09:03:09,False,269765,Java,8,85,156,6016,1192,16441,13178,313,21,238,56,jOOQ is the best way to write SQL in Java
hazelcast,hazelcast,2012-03-21 12:25:18,2024-06-28 18:29:32,False,404089,Java,7,377,295,5978,1810,8576,39181,17723,80,289,198,"Hazelcast is a unified real-time data platform combining stream processing with a fast data store, allowing customers to act instantly on data-in-motion for real-time insights."
Ultimaker,Cura,2014-06-16 12:55:31,2024-06-29 06:49:10,False,499667,Python,10,498,221,5954,2040,15334,34838,3901,234,216,75,3D printer / slicing GUI built on top of the Uranium framework
wxWidgets,wxWidgets,2011-05-18 05:54:03,2024-06-29 19:37:03,False,409671,C++,18,376,247,5883,1724,20609,76702,4029,62,358,74,Cross-Platform C++ GUI Library
scala,scala3,2012-12-06 12:57:33,2024-06-29 18:18:33,False,166813,Scala,7,461,208,5714,1039,8442,38579,11934,104,142,124,"The Scala 3 compiler, also known as Dotty."
oppia,oppia,2015-08-14 00:16:14,2024-06-30 11:54:47,False,288572,Python,8,720,240,5674,3810,8015,15668,11605,413,121,94,"A free, online learning platform to make quality education accessible for all."
MaterializeInc,materialize,2019-02-22 17:15:15,2024-06-30 13:57:37,False,204673,Rust,23,133,72,5651,458,8222,36180,19657,69,468,134,The data warehouse for operational workloads.
roundcube,roundcubemail,2012-05-04 11:19:01,2024-06-28 13:02:55,False,62048,PHP,11,266,226,5632,1605,8347,13137,1156,22,187,105,The Roundcube Webmail suite
vimeo,psalm,2016-11-21 17:04:41,2024-06-28 06:17:00,False,86566,PHP,2,406,63,5492,655,7521,14369,3338,20,422,416,A static analysis tool for finding errors in PHP applications
twisted,twisted,2011-07-01 20:40:42,2024-06-28 14:14:34,False,75124,Python,6,181,177,5488,1146,10203,30164,2017,1884,80,29,Event-driven networking engine written in Python.
doxygen,doxygen,2013-05-19 19:16:07,2024-06-30 09:57:42,False,75517,C++,19,261,150,5459,1252,7679,10931,3275,2,351,11,Official doxygen git repository
rundeck,rundeck,2010-09-03 22:11:25,2024-06-28 16:55:21,False,210294,Groovy,15,194,202,5409,903,5144,21318,4035,911,440,93,"Enable Self-Service Operations: Give specific users access to your existing tools, services, and scripts"
mesonbuild,meson,2014-05-14 15:08:16,2024-06-30 13:01:06,False,39869,Python,33,841,117,5375,1544,5617,14812,7322,74,162,146,The Meson Build System
ocaml,ocaml,2012-11-20 22:18:22,2024-06-29 08:59:27,False,360416,OCaml,17,371,202,5270,1069,7436,30759,5712,88,226,36,"The core OCaml system: compilers, runtime system, base libraries"
Azure,azure-sdk-for-net,2011-12-06 23:32:47,2024-06-29 00:36:55,False,4260170,C#,11,3176,1282,5130,4524,14367,26502,30113,608,5508,1000,This repository is for active development of the Azure SDK for .NET. For consumers of the SDK we recommend visiting our public developer docs at https://learn.microsoft.com/dotnet/azure/ or our versioned developer docs at https://azure.github.io/azure-sdk-for-net. 
kata-containers,kata-containers,2017-12-07 05:01:12,2024-06-29 14:47:36,False,72903,Rust,10,355,104,5094,1005,5160,13939,4745,35,121,91,"Kata Containers is an open source project and community working to build a standard implementation of lightweight Virtual Machines (VMs) that feel and perform like containers, but provide the workload isolation and security advantages of VMs. https://katacontainers.io/"
MISP,MISP,2013-02-07 17:10:34,2024-06-28 10:51:08,False,143998,PHP,7,223,272,5087,1361,6437,25832,3240,35,366,116,MISP (core software) - Open Source Threat Intelligence and Sharing Platform
Dolibarr,dolibarr,2011-06-26 21:55:03,2024-06-30 14:02:45,False,1438586,PHP,17,640,277,5056,2662,8170,136019,22026,31,171,72,"Dolibarr ERP CRM is a modern software package to manage your company or foundation's activity (contacts, suppliers, invoices, orders, stocks, agenda, accounting, ...). it's an open source Web application (written in PHP) designed for businesses of any sizes, foundations and freelancers."
orientechnologies,orientdb,2012-12-09 20:33:47,2024-06-28 15:31:52,False,265775,Java,11,148,272,4713,870,9067,23080,1051,45,223,212,"OrientDB is the most versatile DBMS supporting Graph, Document, Reactive, Full-Text and Geospatial models in one Multi-Model product. OrientDB can run distributed (Multi-Master), supports SQL, ACID Transactions, Full-Text indexing and Reactive Queries."
coq,coq,2011-02-17 05:49:37,2024-06-30 09:46:21,False,196071,OCaml,18,259,103,4690,636,9939,43426,9314,22,136,58,"Coq is a formal proof management system. It provides a formal language to write mathematical definitions, executable algorithms and theorems together with an environment for semi-interactive development of machine-checked proofs. "
joomla,joomla-cms,2011-09-27 02:07:38,2024-06-30 07:33:43,False,334830,PHP,8,796,350,4678,3626,16079,49922,26653,4,470,378,Home of the Joomla! Content Management System
MichaIng,DietPi,2015-03-14 15:58:28,2024-06-29 17:43:44,False,150453,Shell,2,102,146,4669,492,5073,12408,1745,7,0,0,Lightweight justice for your single-board computer!
runelite,runelite,2016-04-30 20:48:02,2024-06-29 07:51:01,False,73311,Java,5,858,100,4662,5174,8971,13783,7490,4,446,0,Open source Old School RuneScape client
rstudio,rstudio,2010-12-07 19:10:25,2024-06-29 22:56:51,False,966329,Java,26,344,239,4592,1084,8781,42388,6066,531,3020,0,RStudio is an integrated development environment (IDE) for R
home-assistant,home-assistant.io,2014-12-21 20:59:21,2024-06-30 13:37:01,False,626254,HTML,6,4885,160,4541,7081,7004,31915,26352,121,0,0,:blue_book: Home Assistant User documentation
hashicorp,terraform-provider-azurerm,2017-06-05 20:53:54,2024-06-30 08:29:45,False,235575,Go,5,1589,235,4453,4532,13577,31863,12853,91,304,257,Terraform provider for Azure Resource Manager
osmandapp,OsmAnd,2011-01-15 19:59:44,2024-06-30 06:31:10,False,868947,Java,7,948,142,4364,985,11974,91899,6980,61,1,1,OsmAnd
kubernetes,website,2016-02-10 22:46:48,2024-06-30 13:51:46,False,484363,HTML,10,5241,220,4363,14082,12114,49663,34593,58,67,24,Kubernetes website and documentation repo: 
umbraco,Umbraco-CMS,2013-06-10 13:50:46,2024-06-29 16:08:26,False,336926,C#,7,679,226,4361,2635,5815,45627,10309,351,509,10,Umbraco is a free and open source .NET content management system helping you deliver delightful digital experiences.
Azure,azure-sdk-for-python,2012-04-24 16:46:12,2024-06-29 05:06:20,False,681986,Python,12,2588,418,4350,2703,9763,17584,26423,785,3877,1000,This repository is for active development of the Azure SDK for Python. For consumers of the SDK we recommend visiting our public developer docs at https://docs.microsoft.com/python/azure/ or our versioned developer docs at https://azure.github.io/azure-sdk-for-python. 
w3c,csswg-drafts,2013-04-05 22:53:48,2024-06-28 14:12:30,False,530660,Bikeshed,11,422,341,4347,639,8334,30983,2015,8,4,0,CSS Working Group Editor Drafts
WeblateOrg,weblate,2012-02-27 09:33:29,2024-06-30 14:01:23,False,2864564,Python,9,1141,92,4334,971,5284,65337,5903,4,147,95,Web based localization tool with tight version control integration.
astropy,astropy,2011-07-21 01:33:49,2024-06-30 12:46:51,False,162534,Python,10,531,139,4298,1719,6032,37486,10580,24,158,27,Astronomy and astrophysics core library
canonical,lxd,2014-11-04 22:40:52,2024-06-28 14:28:49,False,140549,Go,6,314,156,4267,909,5278,34388,8326,7,177,147,Powerful system container and virtual machine manager
salesagility,SuiteCRM,2013-09-23 19:10:08,2024-06-28 06:37:19,False,142526,PHP,8,206,261,4253,2028,5162,16726,5233,10,228,223,SuiteCRM - Open source CRM for the world
mixxxdj,mixxx,2013-05-17 15:14:38,2024-06-30 13:51:25,False,534066,C++,18,279,136,4249,1236,7061,48050,6343,18,65,24,Mixxx is Free DJ software that gives you everything you need to perform live mixes.
dotnet,docs,2015-05-19 15:13:32,2024-06-30 02:15:16,False,884660,Dockerfile,1,4728,352,4162,5831,13555,28191,27010,55,5,1,This repository contains .NET Documentation.
Azure,azure-powershell,2014-09-10 20:35:18,2024-06-30 13:12:21,False,2093830,C#,10,10000,4223,4110,3752,7990,38731,17081,301,584,443,Microsoft Azure PowerShell
spack,spack,2014-01-08 09:22:12,2024-06-30 12:02:59,False,189122,Python,20,1534,100,4088,2191,8263,36572,36452,155,126,43,"A flexible package manager that supports multiple versions, configurations, platforms, and compilers."
docker,docs,2016-08-15 23:50:51,2024-06-28 19:40:54,False,706931,Markdown,11,3868,203,4063,6935,7042,62823,12973,8,28,0,Source repo for Docker's Documentation
nextcloud,android,2016-06-06 21:23:36,2024-06-30 02:40:08,False,480415,Java,9,395,183,4033,1736,7015,24286,6100,246,1459,224,📱 Nextcloud Android app
surveyjs,survey-library,2015-08-14 08:53:22,2024-06-28 15:51:43,False,164438,TypeScript,8,140,70,4009,780,5283,12779,3023,50,478,299,"Free JavaScript form builder library with integration for React, Angular, Vue, jQuery, and Knockout."
glpi-project,glpi,2015-07-16 07:20:21,2024-06-28 19:42:51,False,830555,PHP,7,154,192,3966,1248,6917,29279,10425,22,160,76,"GLPI is a Free Asset and IT Management Software package, Data center management, ITIL Service Desk, licenses tracking and software auditing."
Azure,azure-cli,2016-02-04 00:21:51,2024-06-30 13:19:21,False,608063,Python,16,10000,177,3907,2869,16674,11909,12273,106,717,177,Azure Command-Line Interface
dotnet,fsharp,2015-01-10 05:58:43,2024-06-30 12:23:33,False,377744,F#,18,2608,185,3823,772,6116,14106,11058,200,119,101,"The F# compiler, F# core library, F# language service, and F# tooling integration for Visual Studio"
home-assistant,frontend,2015-07-12 23:58:06,2024-06-30 07:36:12,False,130736,TypeScript,5,589,129,3791,2587,7649,13774,11749,223,632,626,:lollipop: Frontend for Home Assistant
jetty,jetty.project,2011-07-14 01:11:57,2024-06-29 04:10:46,False,257549,Java,8,207,266,3782,1904,5676,29851,6234,46,452,93,"Eclipse Jetty® - Web Container & Clients - supports HTTP/2, HTTP/1.1, HTTP/1.0, websocket, servlets, and more"
uBlockOrigin,uAssets,2016-04-01 11:41:37,2024-06-30 13:49:35,False,687775,Adblock Filter List,4,192,124,3770,723,20194,69236,3133,2,0,0,"Resources for uBlock Origin, uMatrix: static filter lists, ready-to-use rulesets, etc."
wordpress-mobile,WordPress-iOS,2013-03-18 16:59:33,2024-06-30 08:55:11,False,2550256,Swift,8,188,179,3631,1098,9120,79300,14184,374,913,533,WordPress for iOS - Official repository
ballerina-platform,ballerina-lang,2016-11-16 14:58:44,2024-06-29 16:05:27,False,860976,Ballerina,8,361,166,3549,735,17828,124868,24412,33,364,220,The Ballerina Programming Language
microsoft,azure-pipelines-tasks,2014-12-06 11:11:46,2024-06-30 11:05:54,False,669145,TypeScript,12,768,269,3421,2582,8174,13539,11856,3735,144,141,Tasks for Azure Pipelines
tarantool,tarantool,2010-09-15 07:59:26,2024-06-29 15:39:38,False,114895,Lua,14,159,155,3357,376,7047,18457,2861,42,127,80,Get your data in RAM. Get compute close to data. Enjoy the performance.
blockscout,blockscout,2018-01-12 22:45:24,2024-06-29 19:47:38,False,191453,Elixir,9,150,88,3315,2251,5048,14270,4744,435,83,82,Blockchain explorer for Ethereum based network and a tool for inspecting and analyzing EVM based blockchains. 
openstreetmap,iD,2012-07-11 13:20:04,2024-06-24 07:38:54,False,427274,JavaScript,4,349,171,3284,1186,7216,15623,2877,108,148,91,🆔 The easy-to-use OpenStreetMap editor in JavaScript.
pimcore,pimcore,2011-11-01 09:16:14,2024-06-29 11:41:36,False,522412,PHP,6,510,180,3246,1414,6646,30377,8250,15,267,249,"Core Framework for the Open Source Data & Experience Management Platform (PIM, MDM, CDP, DAM, DXP/CMS & Digital Commerce)"
eclipse-openj9,openj9,2017-08-25 13:46:07,2024-06-29 23:39:19,False,173626,Java,23,245,148,3228,710,8008,21440,11770,55,122,45,"Eclipse OpenJ9: A Java Virtual Machine for OpenJDK that's optimized for small footprint, fast start-up, and high throughput.   Builds on Eclipse OMR (https://github.com/eclipse/omr) and combines with the Extensions for OpenJDK for OpenJ9 repo."
craftcms,cms,2017-01-27 21:52:45,2024-06-30 12:26:59,False,629175,PHP,11,224,93,3200,617,8643,63546,3129,118,1161,148,Build bespoke content experiences with Craft.
pantsbuild,pants,2012-12-17 17:39:04,2024-06-30 12:23:25,False,161981,Python,13,339,67,3180,612,5778,13989,15153,93,1136,506,The Pants Build System
RobotLocomotion,drake,2014-01-26 16:11:05,2024-06-30 13:49:59,False,560187,C++,11,288,175,3162,1239,6159,32478,15480,7,71,65,Model-based design and verification for robotics.
camunda,camunda,2016-03-20 03:38:04,2024-06-30 11:29:00,False,343183,Java,10,148,109,3099,564,7032,40248,12821,352,557,282,Process Orchestration Framework
iterate-ch,cyberduck,2017-01-20 14:16:34,2024-06-28 17:07:27,False,635686,Java,15,39,59,3083,279,11803,41782,2471,45,305,0,"Cyberduck is a libre FTP, SFTP, WebDAV, Amazon S3, Backblaze B2, Microsoft Azure & OneDrive and OpenStack Swift file transfer client for Mac and Windows."
opnsense,core,2014-12-13 15:43:50,2024-06-30 10:46:00,False,87324,PHP,14,255,129,3073,701,5603,16932,1690,31,343,0,"OPNsense GUI, API and systems backend"
wordpress-mobile,WordPress-Android,2013-04-08 20:52:40,2024-06-28 10:25:04,False,634494,Kotlin,8,205,209,2929,1307,8697,84511,12244,603,1077,683,WordPress for Android
AdguardTeam,AdguardFilters,2014-08-05 09:12:41,2024-06-30 13:35:47,False,854190,Adblock Filter List,3,255,117,2916,611,170050,176498,12239,4600,0,0,AdGuard Content Blocking Filters
vanilla,vanilla,2009-06-21 01:41:25,2024-06-17 13:13:15,False,166865,PHP,11,144,120,2871,769,5055,32471,5914,82,176,99,Vanilla is a powerfully simple discussion forum you can easily customize to make as unique as your community.
grails,grails-core,2010-02-10 23:57:57,2024-06-28 15:55:20,False,357130,HTML,5,234,191,2767,952,10855,20953,2576,219,266,241,The Grails Web Application Framework
CartoDB,cartodb,2012-07-05 15:23:45,2024-06-20 15:20:01,False,433185,JavaScript,15,249,203,2736,655,8521,77987,7921,461,494,63,Location Intelligence & Data Visualization tool
open-telemetry,opentelemetry-collector-contrib,2019-07-11 14:54:32,2024-06-30 13:13:51,False,464782,Go,5,1024,67,2713,2143,5640,14205,27746,1997,17841,112,Contrib repository for the OpenTelemetry Collector
Beep6581,RawTherapee,2015-08-11 11:54:01,2024-06-30 08:16:02,False,189673,C++,9,111,89,2666,305,5917,12234,1178,32,60,28,A powerful cross-platform raw photo processing program
dotnet,sdk,2016-07-22 21:26:02,2024-06-30 12:50:36,False,250822,C#,18,2634,222,2587,1027,12930,85157,28141,96,343,181,"Core functionality needed to create .NET Core projects, that is shared between Visual Studio and CLI"
lowRISC,opentitan,2019-08-26 16:30:16,2024-06-30 00:45:20,False,148039,SystemVerilog,20,226,105,2418,723,6516,22988,17324,42,53,8,OpenTitan: Open source silicon root of trust
agda,agda,2015-08-08 17:51:48,2024-06-29 14:32:58,False,149630,Haskell,14,182,64,2413,339,5440,22575,1897,172,89,6,Agda is a dependently typed programming language / interactive theorem prover.
Alexey-T,CudaText,2015-09-22 15:43:36,2024-06-29 05:20:54,False,52735,Python,14,28,51,2388,166,5299,20888,102,2,355,332,"Cross-platform text editor, written in Free Pascal"
OrchardCMS,Orchard,2015-04-13 19:35:52,2024-05-21 20:53:00,False,203085,C#,15,186,263,2371,1120,7419,11754,1374,63,31,10,"Orchard is a free, open source, community-focused Content Management System built on the ASP.NET MVC platform."
eclipse-sumo,sumo,2017-10-27 20:23:17,2024-06-28 20:20:22,False,1205769,C++,16,92,67,2354,1358,14502,40206,620,10,55,0,"Eclipse SUMO is an open source, highly portable, microscopic and continuous traffic simulation package designed to handle large networks. It allows for intermodal simulation including pedestrians and comes with a large set of tools for scenario creation."
TencentBlueKing,bk-ci,2019-05-29 05:00:13,2024-06-28 13:08:54,False,374994,Kotlin,19,83,69,2330,488,5171,30271,5156,12,267,110,蓝鲸持续集成平台(蓝盾) 
Azure,azure-sdk-for-java,2011-12-06 23:33:56,2024-06-30 12:37:00,False,3138928,Java,15,2442,381,2248,1925,10644,30007,30157,537,9039,1000,This repository is for active development of the Azure SDK for Java. For consumers of the SDK we recommend visiting our public developer docs at https://docs.microsoft.com/java/azure/ or our versioned developer docs at https://azure.github.io/azure-sdk-for-java. 
hashicorp,terraform-provider-google,2017-06-05 20:54:02,2024-06-30 09:06:15,False,114444,Go,7,623,133,2248,1698,9251,10471,9356,495,295,221,Terraform Provider for Google Cloud Platform
space-wizards,space-station-14,2017-05-22 01:57:51,2024-06-30 12:55:44,False,639279,C#,14,839,46,2109,2777,9711,26025,19654,14,5,0,A multiplayer game about paranoia and chaos on a space station. Remake of the cult-classic Space Station 13.
easylist,easylist,2016-05-15 18:01:18,2024-06-30 12:03:58,False,3707009,Adblock Filter List,2,256,60,2062,689,7421,213518,11859,10,0,0,"EasyList filter subscription (EasyList, EasyPrivacy, EasyList Cookie, Fanboy's Social/Annoyances/Notifications Blocking List)"
opentx,opentx,2013-11-29 07:02:56,2024-05-27 09:46:05,False,229565,C++,13,141,179,2046,795,6177,15305,2855,89,133,70,OpenTX custom firmware for Transmitters
nvaccess,nvda,2015-11-10 03:47:11,2024-06-30 11:24:04,False,451728,Python,11,154,143,2008,623,12917,23525,3650,751,279,79,"NVDA, the free and open source Screen Reader for Microsoft Windows"
Azure,azure-sdk-for-js,2017-10-25 18:44:09,2024-06-29 21:10:37,False,428228,TypeScript,14,2357,308,1979,1146,8527,16391,21664,364,3186,1000,This repository is for active development of the Azure SDK for JavaScript (NodeJS & Browser). For consumers of the SDK we recommend visiting our public developer docs at https://docs.microsoft.com/javascript/azure/ or our versioned developer docs at https://azure.github.io/azure-sdk-for-js. 
Icinga,icinga2,2013-08-28 18:02:06,2024-06-20 16:12:24,False,55984,C++,11,276,127,1978,572,6973,13755,3054,396,113,111,The core of our monitoring platform with a powerful configuration language and REST API.
MinaProtocol,mina,2017-12-18 01:10:17,2024-06-28 23:36:57,False,548729,OCaml,24,115,103,1969,522,6287,31736,9322,1925,189,91,"Mina is a cryptocurrency protocol with a constant size blockchain, improving scaling while maintaining decentralization and security."
Perl,perl5,2013-02-13 17:10:40,2024-06-30 11:55:48,False,347088,Perl,16,557,125,1876,530,19055,80148,3297,439,454,0,🐪 The Perl programming language
ParabolInc,parabol,2015-12-21 17:16:49,2024-06-30 09:04:18,False,107397,TypeScript,6,78,43,1870,326,6011,14528,3749,105,770,172,Free online agile retrospective meeting tool
WWBN,AVideo,2017-04-02 13:20:09,2024-06-29 07:49:09,False,515815,JavaScript,8,75,120,1863,966,8046,21809,1052,24,32,31,Create Your Own Broadcast Network With AVideo Platform Open-Source. OAVP OVP
magefree,mage,2012-04-27 13:18:34,2024-06-30 12:50:41,False,829194,Java,6,376,98,1796,747,7455,44889,5064,28,216,81,Magic Another Game Engine
gitcoinco,web,2017-07-10 10:53:45,2024-05-25 14:22:03,False,1192316,JavaScript,10,277,95,1777,772,6075,18702,4835,1298,482,141,Grow Open Source
vaadin,framework,2012-10-19 10:41:30,2024-05-14 11:23:29,False,487522,Java,9,284,143,1771,729,9764,19189,2829,114,330,195,"Vaadin 6, 7, 8   is a Java framework for modern Java web applications."
chapel-lang,chapel,2014-07-09 18:15:54,2024-06-30 02:13:57,False,1014578,Chapel,34,192,64,1755,413,6734,100786,18654,46,47,32,a Productive Parallel Programming Language
primefaces,primefaces,2015-04-11 09:48:53,2024-06-30 12:39:59,False,138974,Java,5,230,127,1755,748,7182,15480,5000,3,96,52,Ultimate Component Suite for JavaServer Faces
pymedusa,Medusa,2016-02-23 06:02:11,2024-06-28 17:40:34,False,220862,Python,9,295,59,1742,270,5791,17357,5589,66,130,124,"Automatic Video Library Manager for TV Shows. It watches for new episodes of your favorite shows, and when they are posted it does its magic."
ScoopInstaller,Extras,2013-08-06 03:27:50,2024-06-30 12:32:52,False,46117,PowerShell,2,1098,37,1729,1300,6855,59195,6572,4,0,0,📦 The Extras bucket for Scoop.
Yoast,wordpress-seo,2012-11-16 15:16:29,2024-06-28 09:34:04,False,934410,JavaScript,8,385,148,1726,877,12246,67581,8817,320,1126,1000,Yoast SEO for WordPress
YetiForceCompany,YetiForceCRM,2014-12-15 22:55:47,2024-06-25 04:35:43,False,421204,PHP,12,71,259,1682,724,7462,38692,8672,49,35,33,Our team created for you one of the most innovative CRM systems that supports mainly business processes and allows for customization according to your needs. Be ahead of your competition and implement YetiForce!
metasfresh,metasfresh,2015-10-06 15:38:11,2024-06-28 16:04:49,False,302675,Java,16,65,80,1676,571,5716,64102,9973,146,1044,130,"We do Open Source ERP - Fast, Flexible & Free Software to scale your Business."
magma,magma,2019-02-15 04:46:24,2024-06-27 23:06:42,False,271684,C++,23,316,84,1659,592,5140,12142,9942,102,29,28,Platform for building access networks and modular network services
idaholab,moose,2014-02-14 22:26:15,2024-06-30 05:51:40,False,561796,C++,18,247,85,1649,1021,12127,50778,10920,16,11,0,Multiphysics Object Oriented Simulation Environment
tgstation,tgstation,2012-01-21 17:32:47,2024-06-30 13:09:40,False,2912098,DM,15,1404,106,1642,4795,26466,110868,56761,7,14,1,The /tg/station branch of SS13.
TEAMMATES,teammates,2014-05-02 07:43:00,2024-06-30 02:02:07,False,267711,Java,8,657,92,1633,3263,7093,18750,5968,7,278,165,This is the project website for the TEAMMATES feedback management tool for education
Elgg,Elgg,2009-09-06 17:10:11,2024-06-28 06:38:49,False,110046,PHP,5,80,123,1631,671,8440,20606,6184,22,266,130,A social networking engine in PHP/MySQL
haskell,cabal,2012-03-15 12:53:38,2024-06-29 00:29:19,False,52459,Haskell,16,475,72,1581,684,5777,14312,4364,166,240,10,Official upstream development repository for Cabal and cabal-install
Automattic,jetpack,2013-12-16 16:43:01,2024-06-30 08:47:25,False,523083,PHP,14,922,217,1564,793,11914,40639,25921,1836,5362,344,"Security, performance, marketing, and design tools — Jetpack is made by WordPress experts to make WP sites safer and faster, and help you grow your traffic."
Slicer,Slicer,2020-03-12 22:13:53,2024-06-28 15:24:03,False,127177,C++,8,223,38,1554,525,5690,29282,2135,10,34,1,"Multi-platform, free open source software for visualization and image computing."
spring-projects,spring-integration,2011-07-22 21:47:27,2024-06-30 03:18:53,False,71258,Java,9,242,134,1508,1079,5420,11819,3824,23,313,165,Spring Integration provides an extension of the Spring programming model to support the well-known Enterprise Integration Patterns (EIP)
owncloud,client,2012-08-25 10:44:53,2024-06-29 03:05:59,False,219550,C++,14,289,158,1379,668,7767,17515,3881,50,281,115,🖥️ Desktop Syncing Client for ownCloud
cgeo,cgeo,2011-07-11 06:02:47,2024-06-30 10:49:39,False,460653,Java,5,129,85,1373,562,8764,18417,6978,30,207,164,c:geo - The powerful Android geocaching app.
modxcms,revolution,2010-07-29 21:03:57,2024-06-28 20:10:27,False,102388,PHP,7,188,98,1346,528,6979,12505,3796,4,101,0,MODX Revolution - Content Management Framework
galaxyproject,galaxy,2015-02-23 14:18:06,2024-06-30 07:10:34,False,656621,Python,17,337,69,1338,974,6049,77161,12368,49,222,18,Data intensive science for everyone.
mekanism,Mekanism,2012-08-15 20:41:13,2024-06-29 20:58:45,False,140181,Java,5,133,98,1337,510,7044,10183,915,35,47,39,A mod for Minecraft
steedos,steedos-platform,2019-03-04 09:31:44,2024-06-28 04:52:28,False,1895632,JavaScript,13,35,43,1319,374,6497,18407,189,54,1143,942,"Steedos is an open-source alternative to Salesforce Low-Code Platform. 🤖 🎨 🚀 Built on nodejs, mongodb, react, amis."
inverse-inc,packetfence,2012-03-01 20:21:13,2024-06-28 21:15:18,False,375371,Perl,21,69,89,1267,274,5305,46122,2889,491,122,67,"PacketFence is a fully supported, trusted, Free and Open Source network access control (NAC) solution. Boasting an impressive feature set including a captive-portal for registration and remediation, centralized wired and wireless management, powerful BYOD management options, 802.1X support, layer-2 isolation of problematic devices; PacketFence can be used to effectively secure networks small to very large heterogeneous networks."
FirebirdSQL,firebird,2016-03-16 06:10:37,2024-06-30 08:16:09,False,248676,C++,19,58,81,1202,208,7456,57531,687,48,73,29,"Firebird server, client and tools"
sagemath,sage,2012-06-08 10:11:02,2024-06-30 10:58:17,False,395113,Python,20,246,8,1179,409,35565,125114,2511,10,1084,16,Main repository of SageMath. Now open for Issues and Pull Requests.
trilinos,Trilinos,2015-11-16 19:39:16,2024-06-28 22:29:19,False,817241,C++,36,287,116,1174,559,5239,101853,7931,115,159,12,Primary repository for the Trilinos Project
Monika-After-Story,MonikaModDev,2017-09-26 18:07:02,2024-06-25 16:55:42,False,1289385,Ren'Py,4,151,198,1167,686,7255,13660,2243,45,110,72,DDLC fan mod to extend Monika
pharo-project,pharo,2016-07-25 09:55:28,2024-06-29 11:02:32,False,110756,Smalltalk,3,206,42,1167,348,6796,29234,10045,11,362,15,Pharo is a dynamic reflective pure object-oriented language supporting live programming inspired by Smalltalk.
OpenLiberty,open-liberty,2017-09-15 19:34:25,2024-06-30 08:43:48,False,949968,Java,17,296,38,1133,577,11696,40469,17224,304,379,73,"Open Liberty is a highly composable, fast to start, dynamic application server runtime environment "
openfoodfoundation,openfoodnetwork,2012-10-17 07:56:23,2024-06-28 15:46:13,False,108335,Ruby,11,249,71,1086,708,5459,31649,6981,27,374,334,"Connect suppliers, distributors and consumers to trade local produce."
pods-framework,pods,2011-04-05 00:45:14,2024-06-21 04:41:45,False,215853,PHP,4,83,75,1053,264,5186,13752,1840,41,308,111,"The Pods Framework is a Content Development Framework for WordPress - It lets you create and extend content types that can be used for any project. Add fields of various types we've built in, or add your own with custom inputs, you have total control."
NREL,EnergyPlus,2013-11-22 14:47:34,2024-06-30 02:02:57,False,1081208,C++,15,107,98,1044,378,7287,37751,3258,85,226,80,"EnergyPlus™ is a whole building energy simulation program that engineers, architects, and researchers use to model both energy consumption and water use in buildings."
MetaMask,eth-phishing-detect,2017-08-03 01:57:18,2024-09-07 22:27:43,False,9525125,JavaScript,3,783,121,1044,934,9570,72255,70861,88,6,3,Utility for detecting phishing domains targeting Web3 users
genodelabs,genode,2011-12-20 08:27:40,2024-06-28 16:45:34,False,68815,C++,19,52,82,1036,246,5009,13333,247,2,64,47,Genode OS Framework
MapServer,MapServer,2012-04-03 19:10:40,2024-09-06 13:54:58,False,72079,C,22,129,82,1012,368,5539,13756,1608,26,206,18,Source code of the MapServer project.  Please submit pull requests to the 'main' branch.
